# ************************************************************
# Sequel Pro SQL dump
# Version 4541
#
# http://www.sequelpro.com/
# https://github.com/sequelpro/sequelpro
#
# Host: 127.0.0.1 (MySQL 5.7.23)
# Database: humanresources
# Generation Time: 2018-10-12 01:56:37 +0000
# ************************************************************


/*!40101 SET @OLD_CHARACTER_SET_CLIENT=@@CHARACTER_SET_CLIENT */;
/*!40101 SET @OLD_CHARACTER_SET_RESULTS=@@CHARACTER_SET_RESULTS */;
/*!40101 SET @OLD_COLLATION_CONNECTION=@@COLLATION_CONNECTION */;
/*!40101 SET NAMES utf8 */;
/*!40014 SET @OLD_FOREIGN_KEY_CHECKS=@@FOREIGN_KEY_CHECKS, FOREIGN_KEY_CHECKS=0 */;
/*!40101 SET @OLD_SQL_MODE=@@SQL_MODE, SQL_MODE='NO_AUTO_VALUE_ON_ZERO' */;
/*!40111 SET @OLD_SQL_NOTES=@@SQL_NOTES, SQL_NOTES=0 */;


# Dump of table department
# ------------------------------------------------------------

DROP TABLE IF EXISTS `department`;

CREATE TABLE `department` (
  `id` int(11) NOT NULL AUTO_INCREMENT,
  `name` varchar(45) NOT NULL,
  PRIMARY KEY (`id`),
  UNIQUE KEY `name_UNIQUE` (`name`)
) ENGINE=InnoDB DEFAULT CHARSET=utf8;

LOCK TABLES `department` WRITE;
/*!40000 ALTER TABLE `department` DISABLE KEYS */;

INSERT INTO `department` (`id`, `name`)
VALUES
	(1,'Automotive'),
	(11,'Baby'),
	(13,'Beauty'),
	(8,'Books'),
	(3,'Clothing'),
	(17,'Computers'),
	(20,'Electronics'),
	(15,'Games'),
	(16,'Garden'),
	(19,'Grocery'),
	(9,'Health'),
	(7,'Home'),
	(12,'Industrial'),
	(14,'Kids'),
	(4,'Movies'),
	(10,'Outdoors'),
	(18,'Shoes'),
	(6,'Sports'),
	(2,'Tools'),
	(5,'Toys');

/*!40000 ALTER TABLE `department` ENABLE KEYS */;
UNLOCK TABLES;


# Dump of table paysheets
# ------------------------------------------------------------

DROP TABLE IF EXISTS `paysheets`;

CREATE TABLE `paysheets` (
  `id` int(11) NOT NULL AUTO_INCREMENT,
  `payment` double NOT NULL DEFAULT '0',
  `createdAt` timestamp NOT NULL DEFAULT CURRENT_TIMESTAMP,
  `currencyCode` varchar(5) NOT NULL,
  `people_id` int(11) NOT NULL,
  PRIMARY KEY (`id`),
  KEY `fk_paysheets_people1_idx` (`people_id`),
  CONSTRAINT `fk_paysheets_people1` FOREIGN KEY (`people_id`) REFERENCES `people` (`id`) ON DELETE NO ACTION ON UPDATE NO ACTION
) ENGINE=InnoDB DEFAULT CHARSET=utf8;

LOCK TABLES `paysheets` WRITE;
/*!40000 ALTER TABLE `paysheets` DISABLE KEYS */;

INSERT INTO `paysheets` (`id`, `payment`, `createdAt`, `currencyCode`, `people_id`)
VALUES
	(1,515.37,'2018-05-27 00:00:00','USD',9),
	(2,438.01,'2017-10-16 00:00:00','USD',2),
	(3,131.6,'2018-09-11 00:00:00','USD',37),
	(4,909.34,'2018-06-25 00:00:00','USD',23),
	(5,960.22,'2018-09-25 00:00:00','USD',37),
	(6,110.72,'2017-11-17 00:00:00','USD',24),
	(7,127.61,'2018-10-01 00:00:00','USD',47),
	(8,129.17,'2018-06-19 00:00:00','USD',23),
	(9,191.88,'2018-07-15 00:00:00','USD',45),
	(10,240.59,'2018-04-13 00:00:00','USD',50),
	(11,870.52,'2018-01-03 00:00:00','USD',11),
	(12,161.22,'2018-02-23 00:00:00','USD',25),
	(13,418.59,'2018-09-09 00:00:00','USD',29),
	(14,601.55,'2018-04-10 00:00:00','USD',12),
	(16,161.09,'2018-03-21 00:00:00','USD',2),
	(17,164.94,'2018-09-26 00:00:00','USD',45),
	(18,118.28,'2018-08-29 00:00:00','USD',17),
	(19,643.49,'2018-07-24 00:00:00','USD',14),
	(20,865.36,'2018-01-11 00:00:00','USD',12),
	(21,679.24,'2018-09-25 00:00:00','USD',20),
	(22,868.82,'2018-02-20 00:00:00','USD',45),
	(23,367.71,'2017-12-14 00:00:00','USD',7),
	(24,568.57,'2018-06-11 00:00:00','USD',37),
	(25,670.95,'2018-06-05 00:00:00','USD',14),
	(26,74.01,'2018-02-05 00:00:00','USD',43),
	(27,121.69,'2018-07-30 00:00:00','USD',30),
	(28,612.85,'2018-09-05 00:00:00','USD',37),
	(29,28.38,'2018-04-23 00:00:00','USD',2),
	(30,212.47,'2017-12-18 00:00:00','USD',5),
	(31,308.61,'2018-04-12 00:00:00','USD',38),
	(32,582.42,'2018-08-13 00:00:00','USD',39),
	(33,506.1,'2018-02-04 00:00:00','USD',36),
	(34,713.93,'2018-01-16 00:00:00','USD',24),
	(35,934.4,'2018-02-17 00:00:00','USD',40),
	(38,282.26,'2017-11-29 00:00:00','USD',10),
	(39,284.91,'2017-12-05 00:00:00','USD',25),
	(40,921.24,'2018-05-04 00:00:00','USD',30),
	(41,474.29,'2018-06-07 00:00:00','USD',5),
	(42,149.18,'2017-11-27 00:00:00','USD',6),
	(43,930.08,'2018-02-15 00:00:00','USD',3),
	(44,143.01,'2018-07-01 00:00:00','USD',23),
	(45,190.59,'2018-04-15 00:00:00','USD',43),
	(46,707.42,'2018-09-25 00:00:00','USD',13),
	(47,281.43,'2018-03-19 00:00:00','USD',23),
	(48,184.04,'2018-07-19 00:00:00','USD',46),
	(49,870.48,'2018-05-13 00:00:00','USD',3),
	(50,990.84,'2018-05-08 00:00:00','USD',45),
	(51,756.22,'2018-02-26 00:00:00','USD',42),
	(52,969.2,'2018-01-12 00:00:00','USD',35),
	(53,999.94,'2018-04-26 00:00:00','USD',25),
	(54,789.77,'2018-02-12 00:00:00','USD',12),
	(55,894.61,'2018-02-20 00:00:00','USD',36),
	(56,261.45,'2018-03-18 00:00:00','USD',47),
	(57,502.48,'2018-08-15 00:00:00','USD',35),
	(58,897.03,'2018-10-02 00:00:00','USD',1),
	(59,330.78,'2018-07-21 00:00:00','USD',9),
	(60,609.43,'2018-02-06 00:00:00','USD',15),
	(61,967.65,'2018-05-20 00:00:00','USD',16),
	(62,761.18,'2018-02-28 00:00:00','USD',17),
	(63,934.77,'2017-10-14 00:00:00','USD',35),
	(64,600,'2018-01-08 00:00:00','USD',1),
	(65,386.89,'2017-12-18 00:00:00','USD',18),
	(66,649.12,'2018-01-07 00:00:00','USD',12),
	(67,185.71,'2018-05-09 00:00:00','USD',44),
	(68,221,'2018-09-20 00:00:00','USD',15),
	(69,556.12,'2018-03-10 00:00:00','USD',26),
	(70,676.99,'2018-09-12 00:00:00','USD',34),
	(71,88.95,'2017-12-23 00:00:00','USD',1),
	(72,940.94,'2018-04-04 00:00:00','USD',38),
	(73,919,'2018-01-17 00:00:00','USD',16),
	(74,73.38,'2018-06-15 00:00:00','USD',47),
	(75,591.94,'2018-08-25 00:00:00','USD',41),
	(76,869.83,'2018-07-17 00:00:00','USD',8),
	(77,285.6,'2017-10-12 00:00:00','USD',30),
	(78,194.59,'2018-04-10 00:00:00','USD',22),
	(79,921.65,'2018-02-02 00:00:00','USD',16),
	(80,268.18,'2018-06-08 00:00:00','USD',30),
	(81,19.49,'2017-12-01 00:00:00','USD',26),
	(82,71.18,'2018-06-07 00:00:00','USD',13),
	(83,971.29,'2018-09-12 00:00:00','USD',39),
	(84,108.86,'2018-09-27 00:00:00','USD',1),
	(85,160.85,'2018-06-01 00:00:00','USD',39),
	(86,641.91,'2018-08-21 00:00:00','USD',19),
	(87,391.83,'2018-04-19 00:00:00','USD',33),
	(88,240.31,'2018-05-21 00:00:00','USD',23),
	(89,915.16,'2018-06-21 00:00:00','USD',20),
	(90,275.49,'2018-07-13 00:00:00','USD',17),
	(91,462.5,'2018-02-17 00:00:00','USD',2),
	(92,198.55,'2017-12-10 00:00:00','USD',1),
	(93,637.28,'2017-12-01 00:00:00','USD',5),
	(94,42.23,'2017-11-06 00:00:00','USD',41),
	(95,494.42,'2018-03-16 00:00:00','USD',21),
	(96,405.19,'2018-06-04 00:00:00','USD',6),
	(97,148.91,'2018-02-11 00:00:00','USD',20),
	(98,943.18,'2018-04-11 00:00:00','USD',22),
	(99,913.56,'2017-11-27 00:00:00','USD',2),
	(100,656.59,'2018-05-20 00:00:00','USD',17),
	(101,266.45,'2018-04-03 00:00:00','USD',17),
	(102,870.22,'2018-03-18 00:00:00','USD',39),
	(103,948.4,'2018-05-08 00:00:00','USD',7),
	(104,663.93,'2017-10-27 00:00:00','USD',10),
	(105,646.29,'2018-08-08 00:00:00','USD',37),
	(106,427.35,'2018-09-13 00:00:00','USD',33),
	(107,533.97,'2018-06-06 00:00:00','USD',26),
	(109,488.43,'2018-04-20 00:00:00','USD',41),
	(110,188.06,'2017-12-18 00:00:00','USD',21),
	(111,924.34,'2017-12-31 00:00:00','USD',36),
	(112,724.87,'2018-01-22 00:00:00','USD',28),
	(113,773.25,'2018-09-08 00:00:00','USD',24),
	(114,476.32,'2017-12-26 00:00:00','USD',7),
	(115,447.46,'2017-11-20 00:00:00','USD',36),
	(116,582.12,'2017-12-27 00:00:00','USD',29),
	(117,348.1,'2018-06-16 00:00:00','USD',34),
	(118,97.14,'2018-03-11 00:00:00','USD',47),
	(119,444.16,'2017-10-19 00:00:00','USD',27),
	(120,386.52,'2018-05-06 00:00:00','USD',3),
	(121,537.61,'2018-06-11 00:00:00','USD',14),
	(122,929.44,'2018-09-14 00:00:00','USD',38),
	(123,109.23,'2018-06-08 00:00:00','USD',36),
	(124,940.15,'2018-09-06 00:00:00','USD',17),
	(125,225.99,'2018-01-10 00:00:00','USD',13),
	(126,16.13,'2018-07-27 00:00:00','USD',15),
	(127,783.08,'2018-02-24 00:00:00','USD',29),
	(128,444.08,'2018-01-02 00:00:00','USD',20),
	(129,831.36,'2018-07-29 00:00:00','USD',29),
	(130,99.04,'2018-07-16 00:00:00','USD',45),
	(131,22.13,'2018-05-03 00:00:00','USD',36),
	(132,357.53,'2018-08-08 00:00:00','USD',50),
	(133,687,'2018-03-24 00:00:00','USD',39),
	(134,137.29,'2018-01-02 00:00:00','USD',44),
	(135,920.96,'2018-09-16 00:00:00','USD',6),
	(136,685.36,'2018-05-31 00:00:00','USD',32),
	(137,594.93,'2018-08-18 00:00:00','USD',38),
	(138,372.23,'2018-09-18 00:00:00','USD',12),
	(139,469.2,'2018-09-08 00:00:00','USD',6),
	(140,92.65,'2017-10-25 00:00:00','USD',1),
	(141,229.57,'2017-10-22 00:00:00','USD',47),
	(142,773.72,'2018-01-08 00:00:00','USD',14),
	(143,953.96,'2018-06-19 00:00:00','USD',40),
	(144,444.4,'2018-10-01 00:00:00','USD',8),
	(145,233.54,'2018-01-08 00:00:00','USD',11),
	(146,863.17,'2018-04-13 00:00:00','USD',32),
	(147,30.69,'2018-07-06 00:00:00','USD',46),
	(148,959.31,'2017-12-21 00:00:00','USD',11),
	(149,207.94,'2018-08-04 00:00:00','USD',49),
	(150,945.07,'2018-03-21 00:00:00','USD',8),
	(151,176.57,'2017-12-24 00:00:00','USD',11),
	(152,843.53,'2018-01-05 00:00:00','USD',29),
	(153,29.82,'2018-07-22 00:00:00','USD',2),
	(154,398.94,'2018-08-27 00:00:00','USD',18),
	(155,996.08,'2018-02-19 00:00:00','USD',40),
	(156,627.55,'2018-05-19 00:00:00','USD',25),
	(157,938.75,'2018-01-31 00:00:00','USD',41),
	(158,363.37,'2018-01-12 00:00:00','USD',6),
	(159,404.7,'2018-01-20 00:00:00','USD',38),
	(160,333.41,'2018-01-15 00:00:00','USD',38),
	(161,657.62,'2017-10-21 00:00:00','USD',30),
	(162,138.19,'2017-10-16 00:00:00','USD',12),
	(163,155.37,'2018-08-10 00:00:00','USD',9),
	(164,166.92,'2018-10-02 00:00:00','USD',32),
	(165,567.95,'2017-10-23 00:00:00','USD',42),
	(166,53.51,'2017-10-29 00:00:00','USD',35),
	(167,11.68,'2018-09-18 00:00:00','USD',3),
	(168,457.57,'2018-03-26 00:00:00','USD',17),
	(169,427.2,'2018-08-26 00:00:00','USD',7),
	(170,320.8,'2017-12-28 00:00:00','USD',18),
	(171,538.41,'2018-02-23 00:00:00','USD',28),
	(172,345.7,'2018-01-06 00:00:00','USD',3),
	(173,11.5,'2018-06-06 00:00:00','USD',43),
	(174,381.3,'2018-02-05 00:00:00','USD',3),
	(175,315.24,'2018-05-20 00:00:00','USD',13),
	(176,675.12,'2018-07-19 00:00:00','USD',9),
	(177,812.52,'2018-09-14 00:00:00','USD',8),
	(178,33.52,'2018-05-08 00:00:00','USD',15),
	(179,323.89,'2018-01-26 00:00:00','USD',17),
	(180,96.7,'2017-11-18 00:00:00','USD',43),
	(181,765.44,'2018-01-10 00:00:00','USD',25),
	(182,485.58,'2018-09-01 00:00:00','USD',17),
	(183,878.33,'2018-04-12 00:00:00','USD',45),
	(184,733.78,'2018-08-01 00:00:00','USD',29),
	(185,43.23,'2018-03-15 00:00:00','USD',41),
	(186,888.43,'2017-10-12 00:00:00','USD',44),
	(187,805.53,'2017-12-31 00:00:00','USD',34),
	(188,162.92,'2017-12-07 00:00:00','USD',49),
	(189,142.97,'2018-06-04 00:00:00','USD',42),
	(190,934.26,'2018-08-16 00:00:00','USD',30),
	(191,606.18,'2018-09-29 00:00:00','USD',2),
	(192,951.26,'2018-07-21 00:00:00','USD',19),
	(193,543.23,'2018-06-09 00:00:00','USD',27),
	(194,162,'2018-02-07 00:00:00','USD',21),
	(195,706.6,'2018-02-10 00:00:00','USD',36),
	(196,85.72,'2017-11-25 00:00:00','USD',33),
	(197,494.01,'2017-11-18 00:00:00','USD',19),
	(198,774.58,'2018-08-27 00:00:00','USD',33),
	(199,627.04,'2018-03-25 00:00:00','USD',22),
	(200,532.39,'2017-10-22 00:00:00','USD',2),
	(201,702.78,'2017-11-10 00:00:00','USD',4),
	(202,515.91,'2018-01-17 00:00:00','USD',45),
	(203,10.59,'2018-06-01 00:00:00','USD',39),
	(204,418.55,'2017-12-25 00:00:00','USD',47),
	(205,603.22,'2018-04-29 00:00:00','USD',44),
	(206,798.44,'2018-06-09 00:00:00','USD',27),
	(207,744.47,'2018-10-11 00:00:00','USD',23),
	(208,268.66,'2017-11-26 00:00:00','USD',41),
	(209,551.07,'2017-11-27 00:00:00','USD',3),
	(210,243.62,'2018-07-29 00:00:00','USD',12),
	(211,489.43,'2018-03-08 00:00:00','USD',8),
	(212,132.91,'2018-02-07 00:00:00','USD',3),
	(213,294.15,'2017-10-28 00:00:00','USD',20),
	(214,205.16,'2017-10-12 00:00:00','USD',41),
	(215,980.72,'2018-08-01 00:00:00','USD',44),
	(216,213.65,'2018-02-23 00:00:00','USD',7),
	(217,416.34,'2017-10-25 00:00:00','USD',3),
	(218,207.69,'2018-01-24 00:00:00','USD',30),
	(219,845.88,'2018-09-23 00:00:00','USD',6),
	(220,854.12,'2018-03-01 00:00:00','USD',46),
	(221,560.81,'2018-03-23 00:00:00','USD',36),
	(222,451.57,'2018-02-21 00:00:00','USD',9),
	(223,766.17,'2017-11-28 00:00:00','USD',50),
	(224,814,'2018-06-30 00:00:00','USD',32),
	(225,728.47,'2018-09-21 00:00:00','USD',14),
	(226,876.63,'2018-05-25 00:00:00','USD',7),
	(227,146.9,'2017-12-19 00:00:00','USD',27),
	(228,977.92,'2017-12-18 00:00:00','USD',26),
	(230,700.22,'2018-08-09 00:00:00','USD',8),
	(232,766.03,'2018-02-06 00:00:00','USD',2),
	(233,892.4,'2018-06-25 00:00:00','USD',11),
	(234,854.87,'2017-12-27 00:00:00','USD',32),
	(235,956.76,'2018-03-25 00:00:00','USD',20),
	(236,718.03,'2018-01-19 00:00:00','USD',31),
	(237,285.03,'2018-08-26 00:00:00','USD',45),
	(238,660.97,'2018-03-16 00:00:00','USD',35),
	(239,401.23,'2017-11-29 00:00:00','USD',36),
	(240,909.59,'2018-03-30 00:00:00','USD',29),
	(241,85.15,'2018-10-09 00:00:00','USD',4),
	(242,418.64,'2018-01-15 00:00:00','USD',3),
	(243,823.77,'2018-09-24 00:00:00','USD',33),
	(244,657.18,'2018-01-05 00:00:00','USD',47),
	(245,691.06,'2017-10-13 00:00:00','USD',45),
	(246,897.8,'2018-08-16 00:00:00','USD',21),
	(247,762.05,'2018-08-19 00:00:00','USD',6),
	(248,46.81,'2018-06-06 00:00:00','USD',41),
	(249,260.97,'2018-01-16 00:00:00','USD',26),
	(250,516.33,'2018-09-30 00:00:00','USD',45),
	(251,168.24,'2018-01-09 00:00:00','USD',47),
	(252,209.55,'2018-02-17 00:00:00','USD',40),
	(253,54.56,'2018-03-12 00:00:00','USD',7),
	(254,221.6,'2018-05-29 00:00:00','USD',46),
	(255,121.34,'2017-12-04 00:00:00','USD',49),
	(256,893.74,'2017-11-27 00:00:00','USD',28),
	(257,915.94,'2018-09-23 00:00:00','USD',5),
	(258,697.46,'2018-01-08 00:00:00','USD',18),
	(259,961.33,'2018-04-08 00:00:00','USD',19),
	(260,402.94,'2018-09-08 00:00:00','USD',28),
	(261,715.27,'2018-06-17 00:00:00','USD',9),
	(262,76.97,'2018-07-16 00:00:00','USD',25),
	(263,164.38,'2018-07-24 00:00:00','USD',31),
	(264,320.99,'2018-02-28 00:00:00','USD',6),
	(266,102,'2018-05-25 00:00:00','USD',20),
	(267,337.27,'2018-05-12 00:00:00','USD',46),
	(268,53.56,'2018-05-28 00:00:00','USD',35),
	(269,571.31,'2018-05-17 00:00:00','USD',41),
	(270,565.35,'2017-11-12 00:00:00','USD',10),
	(272,419.36,'2017-12-09 00:00:00','USD',19),
	(273,647.97,'2018-08-17 00:00:00','USD',36),
	(274,437.88,'2018-08-10 00:00:00','USD',10),
	(276,269.56,'2018-03-02 00:00:00','USD',29),
	(277,548.12,'2017-10-19 00:00:00','USD',47),
	(278,621.65,'2018-09-13 00:00:00','USD',41),
	(279,455.93,'2018-08-28 00:00:00','USD',38),
	(280,706.58,'2018-09-01 00:00:00','USD',50),
	(281,239.57,'2018-03-01 00:00:00','USD',30),
	(282,269.73,'2017-10-25 00:00:00','USD',8),
	(283,208.12,'2017-11-17 00:00:00','USD',12),
	(284,659.54,'2018-04-02 00:00:00','USD',23),
	(285,382.82,'2018-04-14 00:00:00','USD',11),
	(286,767.38,'2018-10-08 00:00:00','USD',35),
	(287,143.77,'2018-01-30 00:00:00','USD',36),
	(288,931.46,'2018-04-12 00:00:00','USD',43),
	(289,918.45,'2018-05-27 00:00:00','USD',16),
	(290,595.72,'2018-05-01 00:00:00','USD',14),
	(291,558.02,'2018-07-01 00:00:00','USD',4),
	(292,230.94,'2018-02-08 00:00:00','USD',13),
	(293,959.78,'2018-01-18 00:00:00','USD',6),
	(294,340.14,'2017-10-12 00:00:00','USD',17),
	(295,642.16,'2017-12-08 00:00:00','USD',24),
	(296,6.39,'2018-02-03 00:00:00','USD',25),
	(297,164.42,'2018-07-26 00:00:00','USD',23),
	(298,677.68,'2018-10-07 00:00:00','USD',11),
	(299,931.09,'2018-04-20 00:00:00','USD',38),
	(300,427.89,'2018-02-04 00:00:00','USD',1),
	(301,321.7,'2018-05-26 00:00:00','USD',49),
	(302,389.6,'2018-08-03 00:00:00','USD',18),
	(303,428.22,'2018-10-08 00:00:00','USD',35),
	(304,841.61,'2018-01-15 00:00:00','USD',35),
	(305,166.18,'2018-03-31 00:00:00','USD',26),
	(306,324.26,'2018-08-26 00:00:00','USD',46),
	(307,362.9,'2017-11-10 00:00:00','USD',42),
	(308,600.76,'2018-06-18 00:00:00','USD',24),
	(309,582.96,'2018-03-06 00:00:00','USD',16),
	(310,693.78,'2017-10-14 00:00:00','USD',35),
	(311,450.75,'2018-09-07 00:00:00','USD',40),
	(312,504.25,'2018-07-27 00:00:00','USD',8),
	(313,739.02,'2018-05-25 00:00:00','USD',5),
	(314,142.47,'2017-11-25 00:00:00','USD',15),
	(315,236.69,'2017-12-03 00:00:00','USD',12),
	(316,843.14,'2018-02-04 00:00:00','USD',35),
	(317,408.6,'2017-12-30 00:00:00','USD',29),
	(318,763.8,'2018-10-07 00:00:00','USD',16),
	(319,130.67,'2018-01-31 00:00:00','USD',2),
	(320,919.49,'2017-10-28 00:00:00','USD',19),
	(321,111.33,'2018-06-22 00:00:00','USD',24),
	(322,207.09,'2018-07-29 00:00:00','USD',37),
	(323,548.57,'2018-02-15 00:00:00','USD',30),
	(325,581.31,'2018-07-24 00:00:00','USD',16),
	(326,908.61,'2018-06-07 00:00:00','USD',41),
	(327,347.56,'2018-08-23 00:00:00','USD',32),
	(328,16.6,'2018-07-20 00:00:00','USD',3),
	(329,525.52,'2018-02-26 00:00:00','USD',12),
	(330,295.2,'2018-03-01 00:00:00','USD',49),
	(331,434.09,'2017-12-09 00:00:00','USD',37),
	(332,432.59,'2018-03-13 00:00:00','USD',29),
	(333,978.35,'2017-12-07 00:00:00','USD',20),
	(334,873.7,'2018-03-13 00:00:00','USD',16),
	(335,53.11,'2018-02-16 00:00:00','USD',49),
	(336,640.27,'2018-10-05 00:00:00','USD',27),
	(337,872.81,'2018-07-15 00:00:00','USD',33),
	(338,518.15,'2018-04-17 00:00:00','USD',18),
	(339,166.32,'2018-02-26 00:00:00','USD',4),
	(340,665.51,'2018-08-20 00:00:00','USD',22),
	(341,819.42,'2017-11-22 00:00:00','USD',25),
	(342,253.42,'2018-06-20 00:00:00','USD',15),
	(343,555.38,'2018-06-30 00:00:00','USD',12),
	(344,238.15,'2018-05-29 00:00:00','USD',17),
	(345,644.03,'2018-04-03 00:00:00','USD',22),
	(346,664.52,'2018-07-11 00:00:00','USD',18),
	(347,974.72,'2018-04-17 00:00:00','USD',40),
	(348,795.19,'2018-06-27 00:00:00','USD',26),
	(349,767.42,'2018-04-21 00:00:00','USD',8),
	(350,734.08,'2018-08-30 00:00:00','USD',32),
	(351,427.06,'2018-05-30 00:00:00','USD',49),
	(352,621.36,'2018-09-09 00:00:00','USD',28),
	(353,413.89,'2017-11-29 00:00:00','USD',11),
	(354,769.94,'2018-09-18 00:00:00','USD',28),
	(355,117.57,'2018-01-29 00:00:00','USD',49),
	(356,897.38,'2018-09-23 00:00:00','USD',22),
	(357,264.68,'2018-08-22 00:00:00','USD',18),
	(358,847.33,'2018-05-18 00:00:00','USD',26),
	(359,607.8,'2017-11-19 00:00:00','USD',20),
	(360,686.52,'2017-11-07 00:00:00','USD',38),
	(361,598.63,'2017-11-13 00:00:00','USD',35),
	(362,843.52,'2018-09-20 00:00:00','USD',15),
	(363,819.36,'2018-07-15 00:00:00','USD',6),
	(364,234.56,'2018-06-19 00:00:00','USD',19),
	(365,809.97,'2018-06-04 00:00:00','USD',26),
	(366,396.71,'2018-01-09 00:00:00','USD',1),
	(367,632.04,'2018-08-17 00:00:00','USD',23),
	(368,853.95,'2018-05-06 00:00:00','USD',27),
	(369,350.68,'2017-11-18 00:00:00','USD',42),
	(370,260.93,'2018-08-03 00:00:00','USD',4),
	(371,491.31,'2017-11-10 00:00:00','USD',6),
	(372,602.88,'2018-04-07 00:00:00','USD',23),
	(373,666.29,'2017-11-20 00:00:00','USD',15),
	(374,912.2,'2018-08-01 00:00:00','USD',42),
	(375,531.78,'2018-03-24 00:00:00','USD',7),
	(376,345.91,'2018-08-24 00:00:00','USD',26),
	(377,850.68,'2017-12-25 00:00:00','USD',41),
	(378,761.71,'2018-02-22 00:00:00','USD',6),
	(379,83.78,'2018-02-22 00:00:00','USD',20),
	(380,592.16,'2018-03-28 00:00:00','USD',10),
	(381,967.05,'2017-11-18 00:00:00','USD',26),
	(382,300.26,'2017-10-16 00:00:00','USD',50),
	(383,523.18,'2018-04-20 00:00:00','USD',33),
	(384,62.69,'2017-11-22 00:00:00','USD',5),
	(385,570.3,'2018-07-18 00:00:00','USD',16),
	(386,975.98,'2018-04-28 00:00:00','USD',26),
	(388,962.58,'2018-09-05 00:00:00','USD',44),
	(389,841.12,'2018-07-05 00:00:00','USD',10),
	(390,121.4,'2018-05-03 00:00:00','USD',49),
	(391,96.66,'2018-02-19 00:00:00','USD',5),
	(392,748.11,'2018-04-04 00:00:00','USD',1),
	(393,788.64,'2018-04-11 00:00:00','USD',23),
	(394,661.98,'2018-07-24 00:00:00','USD',39),
	(395,996.54,'2018-08-24 00:00:00','USD',5),
	(396,221.74,'2018-03-04 00:00:00','USD',25),
	(397,76.13,'2018-04-25 00:00:00','USD',31),
	(398,447.96,'2018-02-17 00:00:00','USD',12),
	(399,126.83,'2018-02-17 00:00:00','USD',30),
	(401,805.37,'2018-06-07 00:00:00','USD',14),
	(402,764.69,'2018-10-03 00:00:00','USD',40),
	(403,301.6,'2018-02-26 00:00:00','USD',41),
	(404,964.69,'2018-03-08 00:00:00','USD',27),
	(405,97.61,'2018-07-28 00:00:00','USD',19),
	(406,117.21,'2018-09-28 00:00:00','USD',2),
	(407,99.35,'2018-05-30 00:00:00','USD',17),
	(408,17.87,'2018-05-09 00:00:00','USD',35),
	(409,262.16,'2018-03-01 00:00:00','USD',32),
	(410,430.02,'2018-06-30 00:00:00','USD',50),
	(411,556.03,'2018-09-23 00:00:00','USD',11),
	(412,404.27,'2018-03-18 00:00:00','USD',34),
	(413,888.87,'2018-09-06 00:00:00','USD',43),
	(414,9.67,'2017-11-29 00:00:00','USD',7),
	(415,808,'2018-07-08 00:00:00','USD',26),
	(416,849.01,'2018-08-19 00:00:00','USD',24),
	(417,231.63,'2018-10-02 00:00:00','USD',15),
	(418,149.11,'2018-07-20 00:00:00','USD',10),
	(419,751.2,'2017-11-19 00:00:00','USD',6),
	(420,242.72,'2018-03-27 00:00:00','USD',28),
	(421,169.39,'2018-03-18 00:00:00','USD',47),
	(422,487.22,'2018-06-29 00:00:00','USD',40),
	(423,391.9,'2017-10-16 00:00:00','USD',13),
	(424,109.89,'2018-09-09 00:00:00','USD',37),
	(425,543.74,'2018-10-03 00:00:00','USD',32),
	(426,899.72,'2018-04-10 00:00:00','USD',5),
	(427,474.22,'2018-09-29 00:00:00','USD',24),
	(428,780.06,'2017-12-09 00:00:00','USD',27),
	(429,519.52,'2018-01-17 00:00:00','USD',1),
	(430,701.2,'2018-05-26 00:00:00','USD',24),
	(431,253.32,'2018-02-15 00:00:00','USD',47),
	(432,174.1,'2018-03-22 00:00:00','USD',46),
	(433,550.86,'2017-11-21 00:00:00','USD',50),
	(434,465.9,'2018-09-15 00:00:00','USD',16),
	(435,888.2,'2018-03-17 00:00:00','USD',6),
	(436,204.46,'2018-02-19 00:00:00','USD',17),
	(437,62.12,'2018-03-18 00:00:00','USD',25),
	(438,666.9,'2018-05-17 00:00:00','USD',38),
	(439,972.88,'2018-03-20 00:00:00','USD',10),
	(440,961.41,'2018-07-18 00:00:00','USD',50),
	(441,615.93,'2018-04-26 00:00:00','USD',15),
	(442,485.48,'2018-09-17 00:00:00','USD',16),
	(443,443.01,'2017-11-30 00:00:00','USD',43),
	(444,160.19,'2018-01-29 00:00:00','USD',30),
	(445,28.41,'2018-05-05 00:00:00','USD',25),
	(446,578.1,'2018-06-07 00:00:00','USD',11),
	(447,778.43,'2017-12-02 00:00:00','USD',16),
	(448,72.5,'2018-01-01 00:00:00','USD',4),
	(449,324.84,'2018-08-15 00:00:00','USD',42),
	(450,102.46,'2018-04-26 00:00:00','USD',41),
	(451,538.13,'2018-02-13 00:00:00','USD',14),
	(452,677.76,'2017-11-13 00:00:00','USD',10),
	(453,293.09,'2017-11-21 00:00:00','USD',27),
	(454,326.33,'2017-12-14 00:00:00','USD',24),
	(455,608.88,'2018-04-16 00:00:00','USD',23),
	(456,562.14,'2018-07-21 00:00:00','USD',45),
	(457,491.85,'2018-08-21 00:00:00','USD',41),
	(458,24.45,'2018-07-27 00:00:00','USD',19),
	(459,198.96,'2017-12-01 00:00:00','USD',19),
	(460,935.16,'2018-05-25 00:00:00','USD',5),
	(461,113.85,'2018-09-22 00:00:00','USD',47),
	(462,715.59,'2018-05-26 00:00:00','USD',19),
	(464,282.92,'2018-09-01 00:00:00','USD',42),
	(466,294.74,'2018-05-16 00:00:00','USD',34),
	(467,620.93,'2018-02-18 00:00:00','USD',43),
	(468,915.52,'2017-11-22 00:00:00','USD',8),
	(469,146.61,'2017-11-15 00:00:00','USD',44),
	(470,706.17,'2018-04-30 00:00:00','USD',8),
	(472,260.65,'2018-02-18 00:00:00','USD',26),
	(473,423.28,'2017-12-16 00:00:00','USD',28),
	(474,66.39,'2018-01-04 00:00:00','USD',32),
	(475,22.41,'2017-10-27 00:00:00','USD',4),
	(476,15.84,'2018-09-10 00:00:00','USD',28),
	(477,697.06,'2018-04-27 00:00:00','USD',43),
	(478,280.77,'2018-04-22 00:00:00','USD',20),
	(479,429.35,'2018-02-06 00:00:00','USD',36),
	(480,919.26,'2018-07-10 00:00:00','USD',5),
	(481,605.76,'2017-10-15 00:00:00','USD',10),
	(482,864.82,'2018-04-12 00:00:00','USD',37),
	(483,483.76,'2018-07-25 00:00:00','USD',30),
	(484,756.57,'2018-09-21 00:00:00','USD',49),
	(485,341.21,'2018-05-05 00:00:00','USD',49),
	(486,77.24,'2018-01-27 00:00:00','USD',13),
	(487,740.42,'2017-11-25 00:00:00','USD',46),
	(488,426.82,'2018-05-18 00:00:00','USD',6),
	(489,904.28,'2018-05-12 00:00:00','USD',39),
	(490,507.13,'2018-10-01 00:00:00','USD',33),
	(492,845.08,'2018-08-18 00:00:00','USD',36),
	(493,934.23,'2018-08-09 00:00:00','USD',45),
	(494,905.68,'2017-12-31 00:00:00','USD',18),
	(495,176.22,'2018-02-11 00:00:00','USD',43),
	(496,823.72,'2018-09-17 00:00:00','USD',26),
	(497,982.93,'2018-07-16 00:00:00','USD',9),
	(498,899.47,'2018-01-06 00:00:00','USD',20),
	(499,634.37,'2018-05-02 00:00:00','USD',17),
	(500,364.87,'2018-09-30 00:00:00','USD',34),
	(501,834.78,'2018-05-05 00:00:00','USD',33),
	(502,621.13,'2018-09-25 00:00:00','USD',33),
	(503,162.97,'2018-08-18 00:00:00','USD',7),
	(504,717.36,'2018-10-10 00:00:00','USD',27),
	(505,494.8,'2018-05-01 00:00:00','USD',39),
	(506,206.59,'2018-02-19 00:00:00','USD',4),
	(507,276.69,'2017-12-23 00:00:00','USD',25),
	(508,425.13,'2018-06-07 00:00:00','USD',2),
	(509,771.87,'2017-11-05 00:00:00','USD',34),
	(510,337.38,'2017-12-26 00:00:00','USD',20),
	(511,475.69,'2018-02-06 00:00:00','USD',32),
	(512,585.16,'2018-03-12 00:00:00','USD',34),
	(514,744.76,'2017-12-19 00:00:00','USD',8),
	(515,473.41,'2018-02-02 00:00:00','USD',20),
	(516,761.1,'2017-12-08 00:00:00','USD',6),
	(517,290.65,'2017-10-16 00:00:00','USD',29),
	(518,753.37,'2017-10-12 00:00:00','USD',30),
	(519,188.26,'2018-04-29 00:00:00','USD',30),
	(520,478.85,'2018-05-15 00:00:00','USD',32),
	(521,534.05,'2018-10-04 00:00:00','USD',2),
	(522,356.43,'2017-12-19 00:00:00','USD',24),
	(523,818.93,'2018-02-02 00:00:00','USD',33),
	(524,380.52,'2018-04-17 00:00:00','USD',23),
	(525,272.98,'2018-09-22 00:00:00','USD',41),
	(526,313.69,'2018-04-25 00:00:00','USD',5),
	(527,343.2,'2018-01-14 00:00:00','USD',11),
	(528,361.61,'2018-04-01 00:00:00','USD',6),
	(529,48.29,'2018-03-13 00:00:00','USD',31),
	(530,715.02,'2017-12-02 00:00:00','USD',25),
	(531,343.4,'2017-12-27 00:00:00','USD',49),
	(532,753.5,'2018-09-27 00:00:00','USD',47),
	(533,47.91,'2017-11-15 00:00:00','USD',27),
	(534,6.86,'2018-02-20 00:00:00','USD',26),
	(535,165.6,'2018-01-11 00:00:00','USD',43),
	(536,629.61,'2018-05-31 00:00:00','USD',14),
	(537,61.55,'2018-02-16 00:00:00','USD',42),
	(538,167.85,'2017-12-19 00:00:00','USD',29),
	(539,121.11,'2018-08-08 00:00:00','USD',31),
	(540,793.28,'2018-04-17 00:00:00','USD',11),
	(541,587.21,'2017-11-16 00:00:00','USD',35),
	(542,255.13,'2018-04-25 00:00:00','USD',3),
	(543,399.55,'2018-06-16 00:00:00','USD',35),
	(544,439.62,'2018-04-25 00:00:00','USD',7),
	(545,183.94,'2017-12-15 00:00:00','USD',43),
	(546,93.01,'2018-01-25 00:00:00','USD',7),
	(547,110.28,'2018-02-04 00:00:00','USD',29),
	(548,750.35,'2018-01-16 00:00:00','USD',20),
	(549,475.18,'2017-12-03 00:00:00','USD',10),
	(550,298.5,'2018-07-27 00:00:00','USD',19),
	(551,117.56,'2018-01-01 00:00:00','USD',14),
	(552,244.72,'2018-03-03 00:00:00','USD',44),
	(553,84.87,'2018-08-16 00:00:00','USD',33),
	(554,727.37,'2018-04-04 00:00:00','USD',3),
	(555,343.38,'2018-03-29 00:00:00','USD',1),
	(556,485.93,'2018-05-26 00:00:00','USD',19),
	(557,210.91,'2018-09-21 00:00:00','USD',6),
	(558,811.9,'2017-11-06 00:00:00','USD',13),
	(559,368.93,'2018-08-30 00:00:00','USD',47),
	(560,971.5,'2017-11-29 00:00:00','USD',21),
	(561,35.49,'2018-02-01 00:00:00','USD',44),
	(562,432.02,'2018-01-30 00:00:00','USD',11),
	(563,457.76,'2018-04-26 00:00:00','USD',44),
	(564,615.71,'2018-07-04 00:00:00','USD',15),
	(565,495.68,'2017-11-16 00:00:00','USD',16),
	(566,458.8,'2018-05-10 00:00:00','USD',47),
	(567,938.89,'2018-08-19 00:00:00','USD',38),
	(569,774.9,'2018-03-14 00:00:00','USD',19),
	(570,332.46,'2018-07-07 00:00:00','USD',41),
	(571,817.52,'2018-09-20 00:00:00','USD',5),
	(572,162.87,'2018-07-22 00:00:00','USD',37),
	(573,359.55,'2018-01-28 00:00:00','USD',46),
	(574,27.77,'2018-08-26 00:00:00','USD',37),
	(575,381.18,'2018-09-12 00:00:00','USD',23),
	(576,581.59,'2018-01-04 00:00:00','USD',26),
	(577,305.27,'2018-03-02 00:00:00','USD',35),
	(578,389.55,'2018-03-01 00:00:00','USD',22),
	(579,703.71,'2017-10-15 00:00:00','USD',36),
	(580,201.09,'2018-09-19 00:00:00','USD',38),
	(581,322.34,'2018-01-11 00:00:00','USD',23),
	(582,650.28,'2017-10-31 00:00:00','USD',27),
	(583,341.07,'2018-06-04 00:00:00','USD',46),
	(585,860.33,'2018-09-06 00:00:00','USD',7),
	(586,103.51,'2018-02-13 00:00:00','USD',31),
	(587,318.46,'2018-05-04 00:00:00','USD',43),
	(588,402.05,'2017-12-03 00:00:00','USD',26),
	(589,19,'2018-07-27 00:00:00','USD',14),
	(591,147.24,'2018-08-13 00:00:00','USD',23),
	(592,300.62,'2018-07-23 00:00:00','USD',36),
	(593,654.06,'2017-10-17 00:00:00','USD',16),
	(594,206.11,'2018-06-03 00:00:00','USD',15),
	(595,977.48,'2017-11-06 00:00:00','USD',31),
	(596,676.74,'2018-03-13 00:00:00','USD',26),
	(597,395.64,'2018-08-17 00:00:00','USD',29),
	(598,882.25,'2017-11-04 00:00:00','USD',34),
	(599,333.44,'2018-02-14 00:00:00','USD',32),
	(600,863.51,'2018-01-18 00:00:00','USD',24),
	(601,695.67,'2018-09-01 00:00:00','USD',37),
	(602,417.57,'2018-03-13 00:00:00','USD',29),
	(603,191.57,'2017-10-31 00:00:00','USD',14),
	(604,362,'2018-02-08 00:00:00','USD',43),
	(605,510.34,'2018-09-20 00:00:00','USD',31),
	(606,992.28,'2018-08-28 00:00:00','USD',40),
	(607,894.86,'2018-05-17 00:00:00','USD',11),
	(608,960.46,'2018-03-21 00:00:00','USD',24),
	(609,191.65,'2018-04-12 00:00:00','USD',8),
	(610,418.69,'2018-01-28 00:00:00','USD',43),
	(611,923.81,'2017-11-09 00:00:00','USD',15),
	(612,58.11,'2018-03-27 00:00:00','USD',24),
	(614,611.73,'2018-09-14 00:00:00','USD',33),
	(615,332.29,'2018-02-22 00:00:00','USD',20),
	(616,984.04,'2018-05-02 00:00:00','USD',39),
	(617,479.57,'2018-01-16 00:00:00','USD',24),
	(618,259.17,'2017-12-25 00:00:00','USD',17),
	(619,380.85,'2018-02-23 00:00:00','USD',41),
	(620,248.93,'2018-05-30 00:00:00','USD',15),
	(621,802.48,'2018-03-29 00:00:00','USD',43),
	(623,858.03,'2017-12-14 00:00:00','USD',9),
	(624,379.79,'2017-12-30 00:00:00','USD',49),
	(625,207.44,'2018-06-08 00:00:00','USD',7),
	(626,389.21,'2017-12-10 00:00:00','USD',9),
	(627,852.99,'2018-01-15 00:00:00','USD',28),
	(628,480.35,'2017-11-24 00:00:00','USD',45),
	(629,840.42,'2018-07-24 00:00:00','USD',33),
	(630,749.35,'2018-03-23 00:00:00','USD',49),
	(631,187.14,'2018-06-05 00:00:00','USD',44),
	(632,790.78,'2018-02-05 00:00:00','USD',13),
	(633,866.53,'2018-08-13 00:00:00','USD',44),
	(634,574.61,'2018-04-21 00:00:00','USD',30),
	(635,523.11,'2017-11-02 00:00:00','USD',25),
	(636,626.48,'2017-10-20 00:00:00','USD',15),
	(638,686.46,'2018-08-19 00:00:00','USD',41),
	(639,395.57,'2018-01-27 00:00:00','USD',9),
	(640,146.45,'2017-10-26 00:00:00','USD',45),
	(641,518.52,'2017-12-03 00:00:00','USD',4),
	(642,905.09,'2018-02-12 00:00:00','USD',12),
	(643,281.57,'2018-03-10 00:00:00','USD',44),
	(644,940.78,'2018-03-03 00:00:00','USD',20),
	(645,462.77,'2018-07-05 00:00:00','USD',23),
	(646,245.7,'2018-03-20 00:00:00','USD',7),
	(647,645.93,'2018-07-01 00:00:00','USD',35),
	(648,647.87,'2018-03-02 00:00:00','USD',20),
	(649,360.45,'2018-09-04 00:00:00','USD',43),
	(650,904.83,'2018-07-29 00:00:00','USD',4),
	(651,681.99,'2018-05-31 00:00:00','USD',20),
	(652,226.47,'2018-04-12 00:00:00','USD',44),
	(653,210.27,'2018-07-14 00:00:00','USD',29),
	(654,284.82,'2018-08-19 00:00:00','USD',26),
	(655,507.07,'2018-06-15 00:00:00','USD',5),
	(656,773.6,'2018-04-27 00:00:00','USD',3),
	(657,754.49,'2018-06-11 00:00:00','USD',13),
	(658,500.82,'2018-01-17 00:00:00','USD',46),
	(659,798.77,'2018-03-27 00:00:00','USD',31),
	(660,823.62,'2018-07-15 00:00:00','USD',18),
	(661,41.46,'2018-03-03 00:00:00','USD',43),
	(662,648.07,'2017-11-24 00:00:00','USD',25),
	(663,488.84,'2018-01-30 00:00:00','USD',25),
	(664,431.25,'2018-03-13 00:00:00','USD',13),
	(665,865.18,'2018-09-26 00:00:00','USD',45),
	(666,258.99,'2017-12-10 00:00:00','USD',30),
	(667,467.53,'2018-04-12 00:00:00','USD',13),
	(668,854.25,'2018-02-13 00:00:00','USD',26),
	(669,449.72,'2017-11-19 00:00:00','USD',22),
	(670,878.51,'2018-10-06 00:00:00','USD',6),
	(671,425.13,'2018-05-11 00:00:00','USD',16),
	(672,432.06,'2018-02-28 00:00:00','USD',43),
	(673,662.21,'2018-07-12 00:00:00','USD',29),
	(674,34.17,'2018-09-18 00:00:00','USD',4),
	(675,292.88,'2017-10-28 00:00:00','USD',24),
	(676,920.35,'2018-02-01 00:00:00','USD',3),
	(677,594.77,'2018-09-05 00:00:00','USD',5),
	(678,138.84,'2017-11-05 00:00:00','USD',26),
	(679,206.1,'2018-06-23 00:00:00','USD',31),
	(680,933.14,'2017-11-17 00:00:00','USD',49),
	(681,605.05,'2018-04-18 00:00:00','USD',18),
	(682,586.83,'2018-04-09 00:00:00','USD',43),
	(683,5.92,'2018-03-06 00:00:00','USD',15),
	(684,429.4,'2017-12-08 00:00:00','USD',1),
	(685,616.9,'2018-10-05 00:00:00','USD',11),
	(686,850.7,'2017-11-10 00:00:00','USD',5),
	(687,465.93,'2018-05-19 00:00:00','USD',35),
	(688,499.6,'2018-01-08 00:00:00','USD',5),
	(689,800.27,'2018-09-05 00:00:00','USD',35),
	(690,626.26,'2018-05-29 00:00:00','USD',27),
	(691,85.33,'2018-02-14 00:00:00','USD',44),
	(692,390.76,'2018-01-08 00:00:00','USD',7),
	(693,221.01,'2018-04-02 00:00:00','USD',25),
	(694,400.54,'2017-12-08 00:00:00','USD',50),
	(695,282.78,'2018-03-26 00:00:00','USD',1),
	(696,249.3,'2018-01-16 00:00:00','USD',15),
	(697,837.75,'2018-05-04 00:00:00','USD',13),
	(698,591.38,'2018-01-04 00:00:00','USD',22),
	(699,980.83,'2017-12-28 00:00:00','USD',7),
	(700,294.53,'2018-07-19 00:00:00','USD',44),
	(701,632.21,'2017-11-07 00:00:00','USD',36),
	(702,374.36,'2018-02-02 00:00:00','USD',14),
	(703,389.6,'2018-05-03 00:00:00','USD',44),
	(704,700.56,'2017-12-08 00:00:00','USD',29),
	(705,736.44,'2018-04-22 00:00:00','USD',39),
	(706,280.37,'2018-09-19 00:00:00','USD',17),
	(707,558.88,'2018-08-16 00:00:00','USD',37),
	(708,809.03,'2018-01-02 00:00:00','USD',33),
	(709,20.34,'2018-05-22 00:00:00','USD',15),
	(710,901.41,'2017-10-18 00:00:00','USD',16),
	(711,290.45,'2017-11-02 00:00:00','USD',5),
	(712,916.54,'2018-05-19 00:00:00','USD',45),
	(713,876.95,'2018-10-05 00:00:00','USD',31),
	(714,940.03,'2018-08-26 00:00:00','USD',50),
	(715,119.88,'2017-10-31 00:00:00','USD',22),
	(716,280.57,'2018-02-18 00:00:00','USD',24),
	(717,875.15,'2017-11-24 00:00:00','USD',16),
	(718,560.35,'2018-05-14 00:00:00','USD',34),
	(719,999.08,'2018-04-07 00:00:00','USD',11),
	(720,230.01,'2017-10-17 00:00:00','USD',12),
	(721,493.68,'2018-03-17 00:00:00','USD',29),
	(722,18.35,'2018-03-20 00:00:00','USD',21),
	(723,253.46,'2018-02-06 00:00:00','USD',11),
	(724,718.24,'2018-08-11 00:00:00','USD',37),
	(725,539.63,'2018-08-01 00:00:00','USD',36),
	(726,101.6,'2018-01-21 00:00:00','USD',26),
	(727,235.76,'2018-02-15 00:00:00','USD',32),
	(728,575.31,'2018-05-30 00:00:00','USD',28),
	(729,384.61,'2018-04-19 00:00:00','USD',33),
	(730,846.07,'2018-02-20 00:00:00','USD',24),
	(731,201.21,'2017-12-07 00:00:00','USD',37),
	(732,623.19,'2018-05-20 00:00:00','USD',11),
	(733,246.88,'2018-02-23 00:00:00','USD',32),
	(734,6.62,'2018-02-16 00:00:00','USD',30),
	(735,421.09,'2017-12-06 00:00:00','USD',4),
	(736,998.82,'2018-03-22 00:00:00','USD',15),
	(737,227.94,'2018-06-02 00:00:00','USD',29),
	(738,192.42,'2018-03-07 00:00:00','USD',19),
	(739,487.54,'2018-08-21 00:00:00','USD',7),
	(740,281.36,'2017-10-27 00:00:00','USD',13),
	(741,792.52,'2018-08-22 00:00:00','USD',35),
	(742,335.23,'2018-05-20 00:00:00','USD',17),
	(743,454.9,'2018-05-23 00:00:00','USD',45),
	(744,330.53,'2018-08-06 00:00:00','USD',50),
	(745,35.98,'2018-05-22 00:00:00','USD',10),
	(746,925.27,'2018-08-08 00:00:00','USD',44),
	(748,248.75,'2017-11-14 00:00:00','USD',14),
	(749,332.37,'2017-11-18 00:00:00','USD',28),
	(750,811.03,'2018-07-02 00:00:00','USD',16),
	(751,114.21,'2018-08-23 00:00:00','USD',49),
	(752,524.18,'2017-12-24 00:00:00','USD',20),
	(753,585.87,'2017-11-18 00:00:00','USD',9),
	(754,427.08,'2018-08-10 00:00:00','USD',17),
	(756,926.58,'2017-11-22 00:00:00','USD',33),
	(757,447.7,'2018-10-08 00:00:00','USD',29),
	(758,981.33,'2018-06-03 00:00:00','USD',44),
	(759,211.24,'2018-05-05 00:00:00','USD',30),
	(760,845.87,'2018-06-18 00:00:00','USD',32),
	(761,438.01,'2018-06-15 00:00:00','USD',40),
	(762,593.74,'2018-09-21 00:00:00','USD',8),
	(763,297.36,'2018-01-04 00:00:00','USD',24),
	(764,690.72,'2017-12-28 00:00:00','USD',8),
	(765,777.1,'2018-04-23 00:00:00','USD',40),
	(767,56.62,'2018-08-28 00:00:00','USD',18),
	(768,338.19,'2018-05-30 00:00:00','USD',9),
	(769,152.87,'2018-07-09 00:00:00','USD',20),
	(770,322.36,'2018-05-04 00:00:00','USD',35),
	(771,335.5,'2018-02-25 00:00:00','USD',36),
	(772,522,'2018-01-25 00:00:00','USD',42),
	(773,646.16,'2018-03-29 00:00:00','USD',47),
	(774,850.66,'2018-09-05 00:00:00','USD',26),
	(775,570.05,'2017-12-31 00:00:00','USD',23),
	(776,945.09,'2018-08-17 00:00:00','USD',44),
	(777,305.18,'2018-01-21 00:00:00','USD',15),
	(778,612.57,'2018-01-03 00:00:00','USD',25),
	(779,980.81,'2018-04-08 00:00:00','USD',41),
	(780,690.64,'2018-08-30 00:00:00','USD',46),
	(781,96.62,'2018-01-07 00:00:00','USD',25),
	(782,953.98,'2018-02-24 00:00:00','USD',13),
	(783,205.88,'2017-12-27 00:00:00','USD',13),
	(784,233.32,'2018-02-28 00:00:00','USD',32),
	(785,173.51,'2018-08-16 00:00:00','USD',30),
	(786,143.83,'2018-05-13 00:00:00','USD',17),
	(787,308.18,'2018-01-20 00:00:00','USD',47),
	(788,472.72,'2018-03-28 00:00:00','USD',44),
	(789,857.53,'2018-04-03 00:00:00','USD',2),
	(790,147.27,'2017-10-28 00:00:00','USD',13),
	(791,882.78,'2018-07-24 00:00:00','USD',13),
	(792,285.61,'2018-06-19 00:00:00','USD',29),
	(793,533.3,'2017-11-29 00:00:00','USD',22),
	(794,258.24,'2018-05-18 00:00:00','USD',9),
	(795,804.86,'2018-04-06 00:00:00','USD',17),
	(796,203.54,'2018-03-22 00:00:00','USD',18),
	(797,287.6,'2018-03-16 00:00:00','USD',15),
	(798,704.05,'2018-03-14 00:00:00','USD',20),
	(799,724.3,'2017-10-20 00:00:00','USD',1),
	(800,16.66,'2017-12-28 00:00:00','USD',41),
	(801,551.04,'2018-06-18 00:00:00','USD',5),
	(802,763.8,'2017-12-16 00:00:00','USD',4),
	(803,980.9,'2018-07-07 00:00:00','USD',31),
	(804,909.85,'2018-06-09 00:00:00','USD',37),
	(805,727.01,'2017-10-21 00:00:00','USD',7),
	(806,631.53,'2018-06-15 00:00:00','USD',24),
	(807,587.88,'2018-01-22 00:00:00','USD',6),
	(808,258.1,'2017-12-12 00:00:00','USD',29),
	(809,52.29,'2018-09-22 00:00:00','USD',38),
	(810,83.05,'2018-03-13 00:00:00','USD',16),
	(811,278.61,'2018-06-30 00:00:00','USD',21),
	(812,263.89,'2018-08-07 00:00:00','USD',12),
	(813,296.34,'2018-09-15 00:00:00','USD',21),
	(814,43.11,'2018-07-06 00:00:00','USD',44),
	(815,888.19,'2018-09-03 00:00:00','USD',13),
	(816,762.29,'2017-11-03 00:00:00','USD',5),
	(817,717.75,'2018-02-27 00:00:00','USD',19),
	(818,407.04,'2018-02-24 00:00:00','USD',2),
	(819,922.11,'2018-03-22 00:00:00','USD',13),
	(820,754.47,'2018-04-02 00:00:00','USD',14),
	(821,519.73,'2018-01-26 00:00:00','USD',8),
	(822,116.3,'2018-02-06 00:00:00','USD',13),
	(823,9,'2018-05-16 00:00:00','USD',22),
	(824,950.4,'2018-05-22 00:00:00','USD',1),
	(825,243.62,'2018-08-05 00:00:00','USD',8),
	(826,588.72,'2017-11-06 00:00:00','USD',50),
	(827,174.73,'2018-09-04 00:00:00','USD',40),
	(828,75.13,'2018-08-03 00:00:00','USD',34),
	(829,278.72,'2018-07-22 00:00:00','USD',15),
	(830,204.67,'2017-12-31 00:00:00','USD',4),
	(831,822.68,'2017-12-02 00:00:00','USD',5),
	(832,679.07,'2018-02-05 00:00:00','USD',47),
	(833,304.21,'2018-04-04 00:00:00','USD',28),
	(834,963.79,'2018-08-13 00:00:00','USD',13),
	(835,680.49,'2017-12-11 00:00:00','USD',16),
	(836,479.73,'2018-06-29 00:00:00','USD',7),
	(837,95.24,'2018-02-11 00:00:00','USD',36),
	(838,332.25,'2018-07-26 00:00:00','USD',40),
	(839,565.24,'2018-03-30 00:00:00','USD',47),
	(840,864.31,'2018-09-05 00:00:00','USD',1),
	(841,470.03,'2018-08-14 00:00:00','USD',18),
	(843,432.14,'2018-01-19 00:00:00','USD',4),
	(844,169.99,'2018-05-19 00:00:00','USD',34),
	(845,18.28,'2018-07-26 00:00:00','USD',3),
	(846,434.22,'2018-09-09 00:00:00','USD',50),
	(847,56.11,'2018-02-20 00:00:00','USD',24),
	(848,107.51,'2017-11-21 00:00:00','USD',22),
	(849,506.08,'2017-11-26 00:00:00','USD',2),
	(850,722.06,'2017-12-05 00:00:00','USD',46),
	(851,547.62,'2018-08-21 00:00:00','USD',31),
	(852,340.84,'2018-07-29 00:00:00','USD',37),
	(853,335.62,'2018-01-06 00:00:00','USD',31),
	(854,831.96,'2018-02-22 00:00:00','USD',34),
	(855,199.52,'2018-07-09 00:00:00','USD',24),
	(856,805.16,'2018-07-27 00:00:00','USD',21),
	(857,553.98,'2018-04-01 00:00:00','USD',34),
	(858,775.35,'2018-03-15 00:00:00','USD',31),
	(859,771.02,'2018-01-11 00:00:00','USD',40),
	(860,453.66,'2018-01-20 00:00:00','USD',34),
	(861,457.3,'2018-05-28 00:00:00','USD',29),
	(862,176.77,'2018-02-02 00:00:00','USD',47),
	(863,902.72,'2018-02-21 00:00:00','USD',36),
	(865,965.5,'2018-04-21 00:00:00','USD',26),
	(866,815.29,'2018-01-16 00:00:00','USD',12),
	(867,972,'2017-12-17 00:00:00','USD',2),
	(868,302.67,'2017-11-27 00:00:00','USD',21),
	(869,194.49,'2018-08-14 00:00:00','USD',43),
	(870,176.35,'2018-07-18 00:00:00','USD',15),
	(871,202.49,'2018-03-22 00:00:00','USD',19),
	(872,360.73,'2018-06-26 00:00:00','USD',37),
	(873,554.64,'2018-03-28 00:00:00','USD',2),
	(874,305.63,'2018-09-09 00:00:00','USD',9),
	(875,916.98,'2018-01-06 00:00:00','USD',12),
	(876,974.9,'2018-08-04 00:00:00','USD',28),
	(877,461.03,'2018-06-29 00:00:00','USD',45),
	(878,4.08,'2017-10-13 00:00:00','USD',30),
	(879,726.72,'2017-11-13 00:00:00','USD',29),
	(880,495.32,'2018-08-27 00:00:00','USD',34),
	(881,477.84,'2018-02-15 00:00:00','USD',1),
	(882,645.81,'2018-06-26 00:00:00','USD',19),
	(883,75.43,'2018-04-21 00:00:00','USD',26),
	(884,603.67,'2018-07-23 00:00:00','USD',8),
	(886,328.02,'2018-09-06 00:00:00','USD',10),
	(887,596.41,'2018-03-27 00:00:00','USD',9),
	(888,434.92,'2018-04-21 00:00:00','USD',35),
	(889,7.21,'2018-01-16 00:00:00','USD',2),
	(890,477.74,'2018-01-01 00:00:00','USD',30),
	(891,764.31,'2018-02-19 00:00:00','USD',45),
	(892,214.38,'2017-11-08 00:00:00','USD',12),
	(893,325.54,'2018-02-28 00:00:00','USD',37),
	(894,37.48,'2018-07-15 00:00:00','USD',12),
	(895,409.23,'2018-03-21 00:00:00','USD',9),
	(896,282.91,'2018-06-09 00:00:00','USD',39),
	(897,37.84,'2018-08-15 00:00:00','USD',15),
	(898,146.57,'2018-07-23 00:00:00','USD',46),
	(899,212.89,'2017-11-01 00:00:00','USD',24),
	(900,659.87,'2018-08-09 00:00:00','USD',15),
	(901,222.44,'2018-02-25 00:00:00','USD',27),
	(902,232.76,'2018-07-24 00:00:00','USD',39),
	(903,715.15,'2018-06-08 00:00:00','USD',31),
	(904,293.73,'2017-12-18 00:00:00','USD',36),
	(905,309.37,'2018-08-29 00:00:00','USD',28),
	(906,249.2,'2018-07-07 00:00:00','USD',50),
	(907,336.18,'2018-05-09 00:00:00','USD',20),
	(908,992.2,'2018-09-09 00:00:00','USD',6),
	(909,219.89,'2018-02-05 00:00:00','USD',39),
	(910,948.76,'2017-10-27 00:00:00','USD',42),
	(911,51.83,'2017-12-04 00:00:00','USD',32),
	(912,372.78,'2018-02-19 00:00:00','USD',24),
	(913,311.33,'2017-10-21 00:00:00','USD',41),
	(914,552.46,'2018-03-28 00:00:00','USD',28),
	(915,293.91,'2017-11-27 00:00:00','USD',32),
	(916,725.83,'2018-06-05 00:00:00','USD',47),
	(917,734.55,'2018-10-02 00:00:00','USD',23),
	(918,776.07,'2018-03-15 00:00:00','USD',17),
	(919,469.06,'2018-06-18 00:00:00','USD',49),
	(920,478.78,'2017-10-19 00:00:00','USD',49),
	(921,14.25,'2018-01-07 00:00:00','USD',42),
	(922,862.78,'2017-11-11 00:00:00','USD',35),
	(923,517.3,'2017-12-04 00:00:00','USD',47),
	(924,243.88,'2017-12-18 00:00:00','USD',44),
	(925,899.39,'2018-01-18 00:00:00','USD',41),
	(926,861.46,'2018-08-09 00:00:00','USD',17),
	(927,661.49,'2018-01-22 00:00:00','USD',25),
	(928,761.91,'2018-04-29 00:00:00','USD',30),
	(929,974.08,'2018-03-20 00:00:00','USD',41),
	(930,109.4,'2017-10-28 00:00:00','USD',9),
	(931,69.45,'2018-07-23 00:00:00','USD',10),
	(932,878.15,'2017-12-18 00:00:00','USD',26),
	(933,828.15,'2018-07-04 00:00:00','USD',37),
	(934,146.02,'2017-10-19 00:00:00','USD',25),
	(935,188.19,'2018-06-08 00:00:00','USD',14),
	(936,908.55,'2017-12-16 00:00:00','USD',28),
	(937,138.15,'2017-10-27 00:00:00','USD',34),
	(938,409.15,'2017-11-09 00:00:00','USD',32),
	(939,771.59,'2018-01-22 00:00:00','USD',1),
	(940,185.08,'2017-12-15 00:00:00','USD',37),
	(941,245.4,'2018-03-26 00:00:00','USD',18),
	(942,96.37,'2018-03-03 00:00:00','USD',21),
	(943,875.24,'2018-05-30 00:00:00','USD',28),
	(944,914.81,'2017-11-27 00:00:00','USD',30),
	(945,52.68,'2018-03-05 00:00:00','USD',28),
	(946,518.87,'2018-02-14 00:00:00','USD',12),
	(947,162.63,'2018-08-02 00:00:00','USD',39),
	(948,48.15,'2018-01-15 00:00:00','USD',34),
	(949,502.59,'2018-04-09 00:00:00','USD',4),
	(951,91.3,'2018-01-12 00:00:00','USD',12),
	(952,354.66,'2018-10-04 00:00:00','USD',11),
	(953,973.98,'2018-04-20 00:00:00','USD',3),
	(954,218.36,'2018-09-09 00:00:00','USD',4),
	(955,701.52,'2018-08-31 00:00:00','USD',26),
	(956,705.05,'2018-03-07 00:00:00','USD',12),
	(957,101.17,'2018-03-20 00:00:00','USD',16),
	(958,567.05,'2018-01-13 00:00:00','USD',33),
	(959,153.93,'2018-02-24 00:00:00','USD',30),
	(960,515.74,'2018-08-02 00:00:00','USD',32),
	(961,242.67,'2018-08-19 00:00:00','USD',28),
	(962,434.81,'2018-05-19 00:00:00','USD',11),
	(963,566.41,'2018-05-07 00:00:00','USD',44),
	(964,867.46,'2018-03-18 00:00:00','USD',24),
	(965,550.39,'2018-06-03 00:00:00','USD',20),
	(966,913.36,'2018-03-29 00:00:00','USD',45),
	(967,589.97,'2018-05-05 00:00:00','USD',10),
	(968,733.53,'2018-05-07 00:00:00','USD',47),
	(969,992.61,'2018-06-16 00:00:00','USD',26),
	(971,510.99,'2018-10-10 00:00:00','USD',20),
	(972,15.8,'2018-07-21 00:00:00','USD',20),
	(973,259.28,'2018-03-16 00:00:00','USD',21),
	(974,671.11,'2017-10-24 00:00:00','USD',14),
	(975,857.93,'2018-05-20 00:00:00','USD',11),
	(976,593.45,'2018-04-27 00:00:00','USD',49),
	(977,908.49,'2018-07-21 00:00:00','USD',28),
	(978,537.57,'2018-06-07 00:00:00','USD',42),
	(979,460.96,'2018-01-20 00:00:00','USD',31),
	(980,197.44,'2018-05-05 00:00:00','USD',23),
	(981,602.85,'2018-05-10 00:00:00','USD',21),
	(982,414.26,'2017-11-06 00:00:00','USD',47),
	(983,422.82,'2018-05-01 00:00:00','USD',9),
	(984,235.49,'2018-05-04 00:00:00','USD',49),
	(985,191.14,'2018-08-27 00:00:00','USD',50),
	(986,583.39,'2018-03-23 00:00:00','USD',26),
	(987,835.76,'2018-01-18 00:00:00','USD',42),
	(988,765.91,'2018-08-30 00:00:00','USD',32),
	(989,485.65,'2018-08-01 00:00:00','USD',28),
	(990,84.39,'2018-05-23 00:00:00','USD',29),
	(991,596.22,'2018-04-22 00:00:00','USD',3),
	(992,61.11,'2018-09-12 00:00:00','USD',15),
	(993,201.44,'2017-10-27 00:00:00','USD',29),
	(994,52.33,'2018-08-21 00:00:00','USD',40),
	(995,979.37,'2018-06-14 00:00:00','USD',12),
	(996,344.76,'2018-06-24 00:00:00','USD',39),
	(997,436.65,'2017-10-12 00:00:00','USD',13),
	(998,803.49,'2018-03-09 00:00:00','USD',14),
	(999,988.15,'2018-08-17 00:00:00','USD',24),
	(1000,287.16,'2017-11-20 00:00:00','USD',41),
	(1001,801.72,'2018-09-10 00:00:00','USD',23),
	(1002,934.43,'2017-10-13 00:00:00','USD',26),
	(1003,830.15,'2018-08-18 00:00:00','USD',22),
	(1004,878.12,'2018-02-26 00:00:00','USD',18),
	(1005,75.44,'2018-05-15 00:00:00','USD',9),
	(1006,373.48,'2017-10-25 00:00:00','USD',21),
	(1007,722.02,'2018-06-24 00:00:00','USD',18),
	(1008,442.93,'2018-05-03 00:00:00','USD',3),
	(1009,325.1,'2018-05-06 00:00:00','USD',6),
	(1010,409.73,'2018-09-22 00:00:00','USD',32),
	(1011,462.31,'2018-09-23 00:00:00','USD',42),
	(1012,741.79,'2018-10-01 00:00:00','USD',16),
	(1015,709.94,'2018-03-12 00:00:00','USD',42),
	(1016,921.81,'2018-07-21 00:00:00','USD',21),
	(1017,196.09,'2017-12-10 00:00:00','USD',31),
	(1018,653.31,'2018-06-11 00:00:00','USD',8),
	(1019,79.23,'2018-07-11 00:00:00','USD',22),
	(1020,475.86,'2018-06-09 00:00:00','USD',36),
	(1021,811.03,'2018-02-16 00:00:00','USD',16),
	(1022,854.35,'2018-03-12 00:00:00','USD',8),
	(1023,338.29,'2018-06-09 00:00:00','USD',38),
	(1024,230,'2018-06-05 00:00:00','USD',44),
	(1025,600.59,'2018-08-02 00:00:00','USD',4),
	(1026,630.71,'2018-04-30 00:00:00','USD',7),
	(1028,787.16,'2018-03-12 00:00:00','USD',12),
	(1030,119.11,'2017-12-30 00:00:00','USD',31),
	(1031,336.36,'2018-06-28 00:00:00','USD',45),
	(1032,60.29,'2018-08-12 00:00:00','USD',33),
	(1033,434.25,'2018-06-18 00:00:00','USD',32),
	(1034,333.49,'2018-05-11 00:00:00','USD',31),
	(1035,533.48,'2018-02-06 00:00:00','USD',44),
	(1036,123.95,'2017-12-01 00:00:00','USD',21),
	(1037,24.45,'2017-11-14 00:00:00','USD',31),
	(1038,806.44,'2018-09-14 00:00:00','USD',39),
	(1039,355.28,'2018-07-06 00:00:00','USD',13),
	(1040,46.39,'2017-10-26 00:00:00','USD',4),
	(1041,936.65,'2018-07-11 00:00:00','USD',22),
	(1042,980.72,'2018-05-16 00:00:00','USD',41),
	(1043,361.65,'2018-09-12 00:00:00','USD',2),
	(1044,734.25,'2018-01-13 00:00:00','USD',3),
	(1045,647.17,'2017-11-17 00:00:00','USD',30),
	(1046,402.26,'2018-03-29 00:00:00','USD',3),
	(1047,44.24,'2017-12-24 00:00:00','USD',38),
	(1048,369.88,'2018-05-03 00:00:00','USD',44),
	(1049,139.53,'2018-06-04 00:00:00','USD',6),
	(1050,909.82,'2018-06-19 00:00:00','USD',15),
	(1051,617.72,'2018-05-31 00:00:00','USD',1),
	(1052,227.29,'2018-01-04 00:00:00','USD',46),
	(1053,225.49,'2018-01-06 00:00:00','USD',1),
	(1054,360.15,'2018-09-28 00:00:00','USD',16),
	(1055,470.7,'2018-01-03 00:00:00','USD',14),
	(1056,499.48,'2018-03-18 00:00:00','USD',44),
	(1057,122.99,'2018-03-03 00:00:00','USD',28),
	(1058,215.43,'2018-03-22 00:00:00','USD',19),
	(1059,944.53,'2018-07-09 00:00:00','USD',14),
	(1060,350.57,'2018-01-29 00:00:00','USD',42),
	(1061,329.85,'2017-11-03 00:00:00','USD',39),
	(1062,920.95,'2018-04-25 00:00:00','USD',4),
	(1063,687.17,'2018-02-22 00:00:00','USD',32),
	(1064,976.94,'2018-04-27 00:00:00','USD',37),
	(1065,730.99,'2018-09-03 00:00:00','USD',16),
	(1066,401.37,'2018-05-30 00:00:00','USD',17),
	(1067,464.08,'2018-09-28 00:00:00','USD',32),
	(1068,511.09,'2018-09-15 00:00:00','USD',33),
	(1069,730.06,'2018-01-08 00:00:00','USD',32),
	(1070,996.94,'2018-05-04 00:00:00','USD',11),
	(1071,718.65,'2018-06-08 00:00:00','USD',35),
	(1072,831.27,'2018-09-03 00:00:00','USD',38),
	(1073,904.86,'2017-11-11 00:00:00','USD',38),
	(1074,886.96,'2018-07-12 00:00:00','USD',41),
	(1075,364.23,'2018-10-07 00:00:00','USD',7),
	(1076,328.43,'2018-07-26 00:00:00','USD',5),
	(1077,659.4,'2018-02-28 00:00:00','USD',18),
	(1078,718.85,'2018-08-11 00:00:00','USD',2),
	(1079,791.33,'2018-01-01 00:00:00','USD',42),
	(1080,52.87,'2018-09-12 00:00:00','USD',14),
	(1081,784.28,'2018-03-18 00:00:00','USD',19),
	(1082,163.22,'2017-11-26 00:00:00','USD',49),
	(1083,185.4,'2017-12-24 00:00:00','USD',32),
	(1084,132.62,'2018-08-23 00:00:00','USD',40),
	(1085,116.26,'2018-07-14 00:00:00','USD',36),
	(1086,957.29,'2018-08-23 00:00:00','USD',3),
	(1087,142.21,'2018-08-25 00:00:00','USD',50),
	(1088,725.53,'2018-09-15 00:00:00','USD',32),
	(1089,45.13,'2018-05-03 00:00:00','USD',46),
	(1090,151.79,'2017-10-19 00:00:00','USD',37),
	(1091,238.72,'2018-07-23 00:00:00','USD',41),
	(1092,751.89,'2018-09-06 00:00:00','USD',21),
	(1093,916.68,'2018-06-29 00:00:00','USD',31),
	(1094,435.3,'2018-03-14 00:00:00','USD',39),
	(1095,562.25,'2018-06-04 00:00:00','USD',17),
	(1096,250.64,'2018-04-17 00:00:00','USD',3),
	(1097,164.34,'2018-07-03 00:00:00','USD',40),
	(1098,393.45,'2017-11-28 00:00:00','USD',45),
	(1099,809.28,'2018-05-05 00:00:00','USD',49),
	(1100,125.59,'2018-09-25 00:00:00','USD',38),
	(1101,961.6,'2017-12-26 00:00:00','USD',2),
	(1102,117.35,'2018-08-05 00:00:00','USD',25),
	(1103,186.9,'2018-04-03 00:00:00','USD',49),
	(1104,969.08,'2018-06-10 00:00:00','USD',35),
	(1105,680.02,'2018-07-21 00:00:00','USD',37),
	(1106,825.23,'2018-09-08 00:00:00','USD',11),
	(1107,648.42,'2018-05-26 00:00:00','USD',9),
	(1108,202.88,'2018-07-04 00:00:00','USD',41),
	(1109,104.55,'2018-05-20 00:00:00','USD',45),
	(1111,470.38,'2018-01-26 00:00:00','USD',13),
	(1112,747.05,'2017-12-13 00:00:00','USD',25),
	(1113,485.4,'2018-05-16 00:00:00','USD',46),
	(1114,302.13,'2018-07-12 00:00:00','USD',23),
	(1115,454.26,'2018-08-20 00:00:00','USD',3),
	(1118,283.49,'2018-08-07 00:00:00','USD',4),
	(1119,534.62,'2018-03-15 00:00:00','USD',17),
	(1120,68.1,'2018-07-07 00:00:00','USD',42),
	(1121,380.99,'2018-09-29 00:00:00','USD',28),
	(1122,320.47,'2018-07-14 00:00:00','USD',40),
	(1123,592.32,'2017-12-26 00:00:00','USD',45),
	(1124,31.99,'2017-11-12 00:00:00','USD',26),
	(1125,403.93,'2018-07-11 00:00:00','USD',8),
	(1126,130.14,'2018-02-14 00:00:00','USD',7),
	(1127,124.43,'2018-03-10 00:00:00','USD',30),
	(1128,101.81,'2018-09-16 00:00:00','USD',3),
	(1129,108.97,'2018-08-24 00:00:00','USD',31),
	(1130,673.07,'2018-03-15 00:00:00','USD',23),
	(1131,887.56,'2018-01-07 00:00:00','USD',17),
	(1132,82.87,'2018-04-09 00:00:00','USD',32),
	(1133,801.4,'2018-04-20 00:00:00','USD',49),
	(1134,961.6,'2018-01-04 00:00:00','USD',47),
	(1135,67.2,'2018-07-17 00:00:00','USD',10),
	(1136,435.29,'2018-10-06 00:00:00','USD',34),
	(1137,290.1,'2018-02-07 00:00:00','USD',38),
	(1138,822.27,'2018-01-24 00:00:00','USD',8),
	(1139,725.88,'2018-03-14 00:00:00','USD',9),
	(1140,371.17,'2018-03-30 00:00:00','USD',16),
	(1141,496.11,'2018-08-06 00:00:00','USD',41),
	(1142,274.38,'2017-11-25 00:00:00','USD',30),
	(1144,376.3,'2018-08-10 00:00:00','USD',5),
	(1145,417.84,'2018-10-02 00:00:00','USD',10),
	(1146,403.63,'2017-11-23 00:00:00','USD',10),
	(1147,236.32,'2018-07-21 00:00:00','USD',34),
	(1148,294.9,'2018-09-24 00:00:00','USD',2),
	(1149,130.87,'2017-12-03 00:00:00','USD',2),
	(1150,824.47,'2018-03-18 00:00:00','USD',26),
	(1151,183.93,'2017-12-27 00:00:00','USD',3),
	(1152,933.79,'2018-07-29 00:00:00','USD',39),
	(1153,761.65,'2018-01-02 00:00:00','USD',20),
	(1154,840.17,'2018-03-15 00:00:00','USD',47),
	(1155,467.48,'2018-08-02 00:00:00','USD',21),
	(1156,47.59,'2018-08-24 00:00:00','USD',16),
	(1157,833.98,'2018-08-08 00:00:00','USD',45),
	(1158,800.46,'2017-10-30 00:00:00','USD',6),
	(1159,834.03,'2017-12-16 00:00:00','USD',20),
	(1160,451.52,'2018-07-19 00:00:00','USD',50),
	(1161,67.4,'2017-11-30 00:00:00','USD',28),
	(1162,828.01,'2018-02-25 00:00:00','USD',31),
	(1163,194.82,'2018-07-11 00:00:00','USD',50),
	(1164,672.22,'2018-09-21 00:00:00','USD',21),
	(1165,865.29,'2018-07-25 00:00:00','USD',25),
	(1166,233.46,'2017-12-31 00:00:00','USD',1),
	(1167,511.69,'2018-08-12 00:00:00','USD',2),
	(1169,515.72,'2017-11-28 00:00:00','USD',43),
	(1170,634.04,'2018-01-19 00:00:00','USD',32),
	(1171,640.23,'2018-02-10 00:00:00','USD',40),
	(1172,406.41,'2018-03-29 00:00:00','USD',19),
	(1173,465.32,'2018-06-07 00:00:00','USD',35),
	(1174,206.42,'2017-11-25 00:00:00','USD',20),
	(1175,758.21,'2018-05-13 00:00:00','USD',28),
	(1176,33.7,'2018-03-04 00:00:00','USD',19),
	(1177,776.58,'2018-06-11 00:00:00','USD',29),
	(1178,526.87,'2018-01-31 00:00:00','USD',10),
	(1179,929.98,'2018-05-09 00:00:00','USD',10),
	(1180,729.61,'2018-10-03 00:00:00','USD',18),
	(1181,163.98,'2018-09-03 00:00:00','USD',32),
	(1182,587.47,'2018-08-03 00:00:00','USD',16),
	(1183,942.52,'2018-02-25 00:00:00','USD',37),
	(1185,485.07,'2017-11-08 00:00:00','USD',44),
	(1186,957.08,'2018-04-29 00:00:00','USD',24),
	(1187,466.67,'2018-10-05 00:00:00','USD',14),
	(1188,565.61,'2018-01-26 00:00:00','USD',25),
	(1189,609.72,'2017-11-20 00:00:00','USD',23),
	(1190,985.16,'2018-10-01 00:00:00','USD',4),
	(1191,880.2,'2018-01-14 00:00:00','USD',12),
	(1192,989.72,'2018-02-07 00:00:00','USD',38),
	(1193,229.53,'2018-05-05 00:00:00','USD',19),
	(1194,806.55,'2018-07-30 00:00:00','USD',5),
	(1195,649.03,'2018-07-28 00:00:00','USD',20),
	(1196,85.89,'2017-12-31 00:00:00','USD',26),
	(1197,186.51,'2018-07-29 00:00:00','USD',39),
	(1198,879.91,'2017-11-23 00:00:00','USD',47),
	(1199,983.93,'2018-03-24 00:00:00','USD',27),
	(1200,500.26,'2017-10-20 00:00:00','USD',30),
	(1201,672.26,'2018-07-13 00:00:00','USD',27),
	(1202,841.49,'2017-11-01 00:00:00','USD',26),
	(1203,6.15,'2018-10-05 00:00:00','USD',19),
	(1204,193.94,'2018-02-10 00:00:00','USD',1),
	(1205,745.52,'2017-11-19 00:00:00','USD',24),
	(1206,620.83,'2018-09-20 00:00:00','USD',6),
	(1207,4.29,'2018-03-30 00:00:00','USD',29),
	(1208,288.09,'2018-01-09 00:00:00','USD',44),
	(1209,638.31,'2018-04-15 00:00:00','USD',35),
	(1210,545,'2017-10-26 00:00:00','USD',42),
	(1211,974.17,'2018-08-02 00:00:00','USD',50),
	(1212,2.1,'2018-01-17 00:00:00','USD',25),
	(1213,299.7,'2017-10-18 00:00:00','USD',16),
	(1214,256.36,'2018-04-16 00:00:00','USD',37),
	(1215,132.03,'2018-05-11 00:00:00','USD',1),
	(1216,143.73,'2018-04-15 00:00:00','USD',3),
	(1217,287.31,'2018-01-30 00:00:00','USD',31),
	(1218,479.62,'2017-12-18 00:00:00','USD',30),
	(1219,596.71,'2018-04-25 00:00:00','USD',4),
	(1220,113.49,'2017-10-18 00:00:00','USD',18),
	(1221,484.47,'2018-04-21 00:00:00','USD',34),
	(1222,575.83,'2018-02-17 00:00:00','USD',30),
	(1223,942.02,'2018-09-25 00:00:00','USD',49),
	(1224,693.24,'2017-12-19 00:00:00','USD',9),
	(1225,382.48,'2018-05-24 00:00:00','USD',23),
	(1227,88.39,'2018-08-28 00:00:00','USD',39),
	(1228,361.53,'2018-06-25 00:00:00','USD',13),
	(1229,397.56,'2018-02-03 00:00:00','USD',7),
	(1230,702.99,'2018-07-12 00:00:00','USD',2),
	(1232,520.34,'2018-02-01 00:00:00','USD',36),
	(1233,307.51,'2018-02-09 00:00:00','USD',7),
	(1234,74.18,'2018-08-23 00:00:00','USD',47),
	(1235,628.92,'2017-10-14 00:00:00','USD',14),
	(1236,680.47,'2017-12-16 00:00:00','USD',23),
	(1237,136.98,'2017-11-27 00:00:00','USD',47),
	(1238,434.6,'2018-03-01 00:00:00','USD',11),
	(1239,782.79,'2018-04-21 00:00:00','USD',14),
	(1240,484.83,'2018-02-24 00:00:00','USD',24),
	(1241,664.99,'2018-06-17 00:00:00','USD',44),
	(1242,423.08,'2017-11-15 00:00:00','USD',47),
	(1243,209.38,'2017-11-09 00:00:00','USD',12),
	(1244,785.83,'2018-01-15 00:00:00','USD',50),
	(1245,256.32,'2018-05-21 00:00:00','USD',50),
	(1247,409.4,'2017-12-17 00:00:00','USD',6),
	(1248,280.94,'2018-04-18 00:00:00','USD',43),
	(1249,558.28,'2018-01-16 00:00:00','USD',5),
	(1250,579.68,'2018-05-07 00:00:00','USD',26),
	(1251,831.75,'2018-06-10 00:00:00','USD',18),
	(1252,580.41,'2018-06-28 00:00:00','USD',38),
	(1253,447.15,'2018-08-25 00:00:00','USD',42),
	(1254,509.91,'2018-06-22 00:00:00','USD',4),
	(1255,173.98,'2018-07-22 00:00:00','USD',14),
	(1256,535.95,'2018-01-14 00:00:00','USD',46),
	(1257,682.13,'2018-08-20 00:00:00','USD',49),
	(1258,5.48,'2018-02-09 00:00:00','USD',45),
	(1259,757.76,'2018-06-05 00:00:00','USD',20),
	(1260,46.07,'2018-07-23 00:00:00','USD',36),
	(1261,717.78,'2018-08-16 00:00:00','USD',12),
	(1262,667.42,'2017-12-09 00:00:00','USD',5),
	(1263,241.27,'2018-09-25 00:00:00','USD',16),
	(1264,647.39,'2018-08-08 00:00:00','USD',24),
	(1265,13.92,'2018-09-05 00:00:00','USD',29),
	(1266,768.4,'2018-01-07 00:00:00','USD',10),
	(1267,334.37,'2018-03-01 00:00:00','USD',18),
	(1268,329.3,'2018-02-20 00:00:00','USD',19),
	(1269,531.82,'2017-12-25 00:00:00','USD',8),
	(1270,156.48,'2018-02-27 00:00:00','USD',4),
	(1271,238.42,'2018-02-07 00:00:00','USD',24),
	(1272,720.79,'2018-06-03 00:00:00','USD',18),
	(1273,550.04,'2018-03-18 00:00:00','USD',46),
	(1274,982.72,'2017-10-23 00:00:00','USD',46),
	(1276,124.74,'2018-01-03 00:00:00','USD',2),
	(1277,522.66,'2017-10-27 00:00:00','USD',8),
	(1278,333.63,'2017-12-29 00:00:00','USD',2),
	(1279,504.72,'2018-07-24 00:00:00','USD',20),
	(1280,863.98,'2018-08-28 00:00:00','USD',12),
	(1281,139.73,'2018-04-20 00:00:00','USD',34),
	(1282,373.22,'2017-10-15 00:00:00','USD',25),
	(1283,375.63,'2018-04-16 00:00:00','USD',7),
	(1284,750.55,'2018-03-01 00:00:00','USD',1),
	(1285,445.2,'2018-04-09 00:00:00','USD',3),
	(1286,590.89,'2018-01-13 00:00:00','USD',38),
	(1288,572.23,'2018-01-29 00:00:00','USD',29),
	(1289,452.57,'2018-08-24 00:00:00','USD',24),
	(1290,392.56,'2018-04-06 00:00:00','USD',16),
	(1291,418.44,'2018-02-17 00:00:00','USD',18),
	(1292,749.28,'2018-05-29 00:00:00','USD',35),
	(1293,505.77,'2018-04-03 00:00:00','USD',18),
	(1294,970.2,'2018-06-10 00:00:00','USD',37),
	(1295,271.95,'2018-04-13 00:00:00','USD',20),
	(1296,814.48,'2018-08-05 00:00:00','USD',12),
	(1297,975.94,'2018-09-28 00:00:00','USD',33),
	(1298,948.2,'2018-05-14 00:00:00','USD',20),
	(1299,495.32,'2018-04-27 00:00:00','USD',18),
	(1300,773.12,'2017-10-19 00:00:00','USD',25),
	(1301,419.33,'2018-01-05 00:00:00','USD',19),
	(1302,211.39,'2018-02-24 00:00:00','USD',41),
	(1303,919.49,'2018-01-17 00:00:00','USD',25),
	(1304,600.01,'2018-04-15 00:00:00','USD',1),
	(1305,777.39,'2018-08-23 00:00:00','USD',2),
	(1306,812.92,'2018-01-26 00:00:00','USD',28),
	(1307,165.3,'2018-07-26 00:00:00','USD',24),
	(1308,589.61,'2018-01-06 00:00:00','USD',33),
	(1309,309.73,'2018-02-21 00:00:00','USD',50),
	(1310,268.56,'2018-05-25 00:00:00','USD',10),
	(1311,684.21,'2017-10-19 00:00:00','USD',44),
	(1312,37.92,'2018-04-06 00:00:00','USD',5),
	(1313,307.37,'2017-12-25 00:00:00','USD',45),
	(1314,524.1,'2018-01-25 00:00:00','USD',47),
	(1315,24.33,'2018-04-17 00:00:00','USD',7),
	(1316,954.36,'2017-11-23 00:00:00','USD',46),
	(1317,815.23,'2018-07-04 00:00:00','USD',8),
	(1318,670.78,'2017-10-31 00:00:00','USD',37),
	(1319,991.19,'2017-12-24 00:00:00','USD',45),
	(1320,720.22,'2018-06-16 00:00:00','USD',13),
	(1321,794.1,'2018-10-01 00:00:00','USD',19),
	(1322,592.99,'2018-04-21 00:00:00','USD',49),
	(1323,38.88,'2017-12-08 00:00:00','USD',21),
	(1324,145.83,'2018-08-18 00:00:00','USD',30),
	(1325,702.39,'2018-05-31 00:00:00','USD',12),
	(1326,516.18,'2017-11-27 00:00:00','USD',9),
	(1328,367.82,'2018-03-02 00:00:00','USD',50),
	(1329,574.99,'2017-12-28 00:00:00','USD',32),
	(1330,218.06,'2018-07-20 00:00:00','USD',26),
	(1331,165.94,'2018-06-02 00:00:00','USD',39),
	(1332,712.09,'2017-12-02 00:00:00','USD',49),
	(1333,872.62,'2017-11-24 00:00:00','USD',29),
	(1334,925.27,'2018-09-05 00:00:00','USD',35),
	(1335,139.62,'2018-09-02 00:00:00','USD',49),
	(1336,472.4,'2018-03-25 00:00:00','USD',4),
	(1337,961.68,'2017-11-27 00:00:00','USD',28),
	(1338,776.09,'2018-05-11 00:00:00','USD',17),
	(1339,693.73,'2018-08-17 00:00:00','USD',3),
	(1340,338.86,'2018-01-01 00:00:00','USD',8),
	(1341,898.1,'2018-04-26 00:00:00','USD',49),
	(1342,81.64,'2018-03-07 00:00:00','USD',23),
	(1343,410.02,'2017-11-27 00:00:00','USD',11),
	(1344,162.47,'2018-08-06 00:00:00','USD',13),
	(1345,995.66,'2017-11-22 00:00:00','USD',4),
	(1346,405.2,'2018-05-06 00:00:00','USD',47),
	(1347,89.79,'2018-06-29 00:00:00','USD',40),
	(1348,660.65,'2018-01-18 00:00:00','USD',35),
	(1349,189.31,'2018-08-21 00:00:00','USD',6),
	(1350,958.83,'2018-08-24 00:00:00','USD',10),
	(1351,235.91,'2018-03-06 00:00:00','USD',34),
	(1352,862.09,'2018-09-13 00:00:00','USD',14),
	(1353,594.85,'2018-03-21 00:00:00','USD',46),
	(1354,504.85,'2018-03-03 00:00:00','USD',41),
	(1355,29.07,'2018-06-13 00:00:00','USD',23),
	(1356,135.92,'2018-08-13 00:00:00','USD',26),
	(1357,803.93,'2018-05-21 00:00:00','USD',8),
	(1358,356.77,'2017-12-28 00:00:00','USD',20),
	(1359,400.5,'2018-03-29 00:00:00','USD',28),
	(1360,284.09,'2018-06-17 00:00:00','USD',5),
	(1361,832.86,'2018-04-12 00:00:00','USD',46),
	(1362,277.68,'2018-01-17 00:00:00','USD',6),
	(1363,847.81,'2018-08-01 00:00:00','USD',9),
	(1364,469.52,'2018-07-26 00:00:00','USD',15),
	(1365,434.18,'2018-04-05 00:00:00','USD',38),
	(1366,656.22,'2018-05-31 00:00:00','USD',17),
	(1367,265.4,'2017-10-18 00:00:00','USD',37),
	(1368,535.67,'2017-11-22 00:00:00','USD',4),
	(1369,108.14,'2018-05-19 00:00:00','USD',41),
	(1370,804.25,'2018-08-21 00:00:00','USD',46),
	(1371,133.76,'2018-08-04 00:00:00','USD',50),
	(1372,182.72,'2018-08-24 00:00:00','USD',31),
	(1373,351.11,'2018-08-05 00:00:00','USD',35),
	(1374,327.79,'2017-11-21 00:00:00','USD',8),
	(1375,945.53,'2017-11-25 00:00:00','USD',10),
	(1376,318.87,'2018-02-25 00:00:00','USD',6),
	(1377,610.7,'2018-05-18 00:00:00','USD',29),
	(1378,193.99,'2018-01-11 00:00:00','USD',18),
	(1379,657.39,'2018-06-16 00:00:00','USD',18),
	(1380,840.9,'2017-10-29 00:00:00','USD',34),
	(1381,174.23,'2018-01-31 00:00:00','USD',2),
	(1382,188.84,'2017-11-01 00:00:00','USD',41),
	(1383,34.81,'2018-07-31 00:00:00','USD',27),
	(1384,56.11,'2018-06-13 00:00:00','USD',46),
	(1385,3.19,'2018-07-13 00:00:00','USD',21),
	(1386,458.4,'2018-08-19 00:00:00','USD',14),
	(1387,115.71,'2018-09-21 00:00:00','USD',12),
	(1388,728.65,'2018-09-25 00:00:00','USD',24),
	(1389,312.26,'2018-04-28 00:00:00','USD',21),
	(1390,734.81,'2017-12-11 00:00:00','USD',7),
	(1391,338.35,'2018-05-18 00:00:00','USD',19),
	(1392,11.68,'2018-02-24 00:00:00','USD',21),
	(1393,604.46,'2018-04-03 00:00:00','USD',6),
	(1394,709.18,'2018-02-08 00:00:00','USD',38),
	(1395,62.51,'2018-01-19 00:00:00','USD',44),
	(1396,343.64,'2017-12-27 00:00:00','USD',23),
	(1397,149.07,'2018-06-06 00:00:00','USD',6),
	(1398,354.57,'2018-08-27 00:00:00','USD',7),
	(1399,758.64,'2018-08-10 00:00:00','USD',22),
	(1400,818.96,'2018-05-23 00:00:00','USD',47),
	(1401,243.91,'2018-05-07 00:00:00','USD',19),
	(1402,981.02,'2018-05-13 00:00:00','USD',2),
	(1403,216.45,'2017-11-10 00:00:00','USD',7),
	(1404,836.98,'2018-02-27 00:00:00','USD',47),
	(1405,657.18,'2018-08-02 00:00:00','USD',14),
	(1406,896.02,'2017-11-29 00:00:00','USD',13),
	(1407,614.81,'2018-08-05 00:00:00','USD',28),
	(1408,859.37,'2018-05-10 00:00:00','USD',30),
	(1410,377.84,'2018-08-29 00:00:00','USD',38),
	(1411,208.59,'2017-12-10 00:00:00','USD',50),
	(1412,429.62,'2017-12-10 00:00:00','USD',2),
	(1413,701.08,'2017-12-28 00:00:00','USD',19),
	(1414,351.01,'2018-07-08 00:00:00','USD',50),
	(1416,911.76,'2018-04-16 00:00:00','USD',10),
	(1417,533.74,'2018-05-05 00:00:00','USD',44),
	(1418,289,'2018-07-09 00:00:00','USD',19),
	(1419,911.37,'2018-08-20 00:00:00','USD',19),
	(1420,938.5,'2018-02-19 00:00:00','USD',9),
	(1421,569.4,'2017-12-09 00:00:00','USD',39),
	(1422,27.51,'2018-04-20 00:00:00','USD',41),
	(1423,494.4,'2018-03-30 00:00:00','USD',10),
	(1424,562.33,'2018-04-06 00:00:00','USD',4),
	(1425,194.89,'2018-05-11 00:00:00','USD',40),
	(1426,338.1,'2018-04-07 00:00:00','USD',28),
	(1427,21.81,'2018-02-14 00:00:00','USD',41),
	(1428,243.35,'2018-07-02 00:00:00','USD',35),
	(1429,276.55,'2018-02-12 00:00:00','USD',38),
	(1430,770.11,'2018-09-12 00:00:00','USD',9),
	(1431,794.64,'2018-07-06 00:00:00','USD',43),
	(1432,100.45,'2018-06-18 00:00:00','USD',25),
	(1433,334.11,'2018-06-02 00:00:00','USD',40),
	(1434,814.46,'2018-06-12 00:00:00','USD',1),
	(1435,209.94,'2018-04-07 00:00:00','USD',30),
	(1436,629.16,'2018-05-07 00:00:00','USD',42),
	(1437,355.72,'2018-06-11 00:00:00','USD',15),
	(1438,811.1,'2017-12-26 00:00:00','USD',23),
	(1439,556.11,'2018-08-04 00:00:00','USD',12),
	(1440,605.27,'2018-09-16 00:00:00','USD',39),
	(1441,603.42,'2017-12-15 00:00:00','USD',13),
	(1442,364.58,'2017-12-23 00:00:00','USD',20),
	(1443,202.16,'2018-09-24 00:00:00','USD',13),
	(1444,787.4,'2018-05-28 00:00:00','USD',4),
	(1445,251.77,'2018-07-13 00:00:00','USD',7),
	(1446,177.6,'2018-04-04 00:00:00','USD',43),
	(1447,726.85,'2018-04-25 00:00:00','USD',9),
	(1448,686.29,'2018-01-12 00:00:00','USD',34),
	(1449,771.27,'2017-11-11 00:00:00','USD',25),
	(1450,707.01,'2018-03-11 00:00:00','USD',22),
	(1451,174.28,'2018-03-01 00:00:00','USD',5),
	(1452,757.01,'2018-03-07 00:00:00','USD',13),
	(1453,239.37,'2017-10-19 00:00:00','USD',16),
	(1454,693.65,'2018-01-15 00:00:00','USD',21),
	(1455,222.95,'2018-05-29 00:00:00','USD',41),
	(1456,737.43,'2018-07-23 00:00:00','USD',13),
	(1457,854.27,'2018-07-21 00:00:00','USD',45),
	(1458,212.24,'2018-03-06 00:00:00','USD',41),
	(1459,659.66,'2018-03-04 00:00:00','USD',24),
	(1460,168.49,'2018-01-27 00:00:00','USD',22),
	(1461,494.99,'2018-05-13 00:00:00','USD',8),
	(1462,72.12,'2018-08-14 00:00:00','USD',24),
	(1463,911.53,'2018-08-07 00:00:00','USD',39),
	(1464,267.54,'2018-08-03 00:00:00','USD',6),
	(1465,567.91,'2017-12-04 00:00:00','USD',17),
	(1466,397.03,'2018-04-21 00:00:00','USD',38),
	(1467,930.12,'2018-01-15 00:00:00','USD',9),
	(1468,290.56,'2018-04-02 00:00:00','USD',47),
	(1469,838.91,'2018-06-23 00:00:00','USD',34),
	(1470,456.31,'2018-01-23 00:00:00','USD',17),
	(1471,223.14,'2018-02-07 00:00:00','USD',13),
	(1472,415.03,'2018-06-25 00:00:00','USD',47),
	(1473,913.66,'2017-12-26 00:00:00','USD',40),
	(1474,532.58,'2018-10-07 00:00:00','USD',45),
	(1475,635.57,'2017-10-18 00:00:00','USD',41),
	(1476,231.16,'2018-10-09 00:00:00','USD',20),
	(1477,920.57,'2018-01-18 00:00:00','USD',31),
	(1478,668.24,'2018-04-18 00:00:00','USD',10),
	(1479,155.68,'2018-09-02 00:00:00','USD',16),
	(1480,400.76,'2017-12-19 00:00:00','USD',26),
	(1481,521.3,'2018-08-27 00:00:00','USD',42),
	(1482,979.89,'2018-06-14 00:00:00','USD',8),
	(1483,201.98,'2017-10-30 00:00:00','USD',39),
	(1484,647.82,'2018-02-27 00:00:00','USD',30),
	(1485,2.81,'2018-02-15 00:00:00','USD',25),
	(1486,39.54,'2018-02-09 00:00:00','USD',17),
	(1487,105.53,'2018-02-16 00:00:00','USD',7),
	(1488,394.85,'2018-08-12 00:00:00','USD',24),
	(1489,303.58,'2018-06-25 00:00:00','USD',17),
	(1490,136.22,'2018-05-22 00:00:00','USD',46),
	(1491,944.67,'2018-04-01 00:00:00','USD',18),
	(1492,620.67,'2018-04-03 00:00:00','USD',18),
	(1493,964.46,'2017-10-13 00:00:00','USD',13),
	(1494,8.63,'2017-12-01 00:00:00','USD',9),
	(1495,480.76,'2018-03-20 00:00:00','USD',15),
	(1496,265.47,'2018-07-06 00:00:00','USD',6),
	(1497,720.22,'2017-10-31 00:00:00','USD',16),
	(1498,770.27,'2018-03-25 00:00:00','USD',11),
	(1499,196.3,'2018-10-07 00:00:00','USD',7),
	(1500,146.04,'2018-09-08 00:00:00','USD',8),
	(1501,23.07,'2018-04-20 00:00:00','USD',41),
	(1502,729.26,'2018-09-22 00:00:00','USD',19),
	(1503,104.98,'2018-10-10 00:00:00','USD',15),
	(1504,743.03,'2018-09-23 00:00:00','USD',10),
	(1505,702.89,'2017-12-29 00:00:00','USD',13),
	(1506,672.8,'2018-05-13 00:00:00','USD',22),
	(1507,64.74,'2017-12-21 00:00:00','USD',36),
	(1508,196.71,'2017-12-05 00:00:00','USD',42),
	(1509,746.95,'2018-06-25 00:00:00','USD',38),
	(1510,508.12,'2017-11-15 00:00:00','USD',31),
	(1511,276.38,'2018-02-15 00:00:00','USD',37),
	(1512,1.85,'2018-07-25 00:00:00','USD',10),
	(1513,916.13,'2018-09-28 00:00:00','USD',21),
	(1514,754.88,'2018-06-20 00:00:00','USD',7),
	(1515,460.32,'2017-11-29 00:00:00','USD',26),
	(1516,229.38,'2018-06-19 00:00:00','USD',42),
	(1517,60.13,'2018-06-03 00:00:00','USD',4),
	(1518,151.24,'2018-07-16 00:00:00','USD',45),
	(1519,467.14,'2018-06-18 00:00:00','USD',18),
	(1520,856.02,'2018-09-17 00:00:00','USD',12),
	(1521,295.43,'2018-06-25 00:00:00','USD',37),
	(1522,533.06,'2018-09-30 00:00:00','USD',10),
	(1523,579.26,'2018-08-23 00:00:00','USD',50),
	(1524,722.36,'2018-05-24 00:00:00','USD',16),
	(1525,854.66,'2018-09-03 00:00:00','USD',31),
	(1526,498.73,'2017-10-22 00:00:00','USD',13),
	(1527,366.85,'2018-08-01 00:00:00','USD',46),
	(1528,539.89,'2018-04-27 00:00:00','USD',44),
	(1529,998.4,'2018-01-25 00:00:00','USD',29),
	(1530,713.9,'2018-09-17 00:00:00','USD',11),
	(1531,462,'2018-02-02 00:00:00','USD',11),
	(1532,531.75,'2018-08-17 00:00:00','USD',19),
	(1534,497.89,'2018-04-06 00:00:00','USD',36),
	(1535,842.71,'2018-01-15 00:00:00','USD',42),
	(1536,639.35,'2018-02-18 00:00:00','USD',9),
	(1537,135.91,'2018-07-22 00:00:00','USD',36),
	(1538,452.65,'2018-04-12 00:00:00','USD',36),
	(1539,156.21,'2017-10-15 00:00:00','USD',10),
	(1540,925.07,'2018-05-25 00:00:00','USD',9),
	(1541,606.6,'2017-11-04 00:00:00','USD',12),
	(1542,189.22,'2018-03-12 00:00:00','USD',7),
	(1543,95.34,'2017-10-19 00:00:00','USD',46),
	(1544,432.1,'2018-09-30 00:00:00','USD',27),
	(1545,88.46,'2017-11-20 00:00:00','USD',2),
	(1546,431.81,'2018-08-24 00:00:00','USD',8),
	(1547,924.63,'2018-04-11 00:00:00','USD',37),
	(1548,689.42,'2018-01-22 00:00:00','USD',24),
	(1549,825.7,'2018-05-21 00:00:00','USD',30),
	(1550,198.77,'2018-07-28 00:00:00','USD',37),
	(1551,761.32,'2017-11-27 00:00:00','USD',26),
	(1552,54.21,'2018-06-01 00:00:00','USD',34),
	(1553,824.36,'2018-03-28 00:00:00','USD',47),
	(1554,54.6,'2017-10-29 00:00:00','USD',20),
	(1555,104.15,'2017-10-30 00:00:00','USD',7),
	(1556,717.62,'2018-07-25 00:00:00','USD',14),
	(1557,587.91,'2018-05-06 00:00:00','USD',29),
	(1558,300.33,'2017-12-16 00:00:00','USD',26),
	(1559,100.55,'2018-01-30 00:00:00','USD',47),
	(1560,703.35,'2018-10-09 00:00:00','USD',4),
	(1561,134.28,'2018-03-11 00:00:00','USD',15),
	(1562,692.21,'2018-08-11 00:00:00','USD',9),
	(1563,315.87,'2018-08-01 00:00:00','USD',36),
	(1564,500.05,'2018-03-21 00:00:00','USD',25),
	(1565,42.2,'2018-04-26 00:00:00','USD',41),
	(1566,314.24,'2018-08-21 00:00:00','USD',33),
	(1568,832.93,'2018-08-01 00:00:00','USD',36),
	(1569,621.65,'2018-01-02 00:00:00','USD',22),
	(1570,699.53,'2018-09-20 00:00:00','USD',50),
	(1571,458.91,'2018-05-19 00:00:00','USD',14),
	(1572,65.68,'2017-11-23 00:00:00','USD',19),
	(1573,478.97,'2018-01-15 00:00:00','USD',7),
	(1574,854.15,'2018-02-19 00:00:00','USD',8),
	(1575,135.65,'2018-10-10 00:00:00','USD',31),
	(1576,740.93,'2018-09-19 00:00:00','USD',1),
	(1577,7.86,'2018-06-15 00:00:00','USD',44),
	(1578,929.39,'2017-11-27 00:00:00','USD',9),
	(1579,406.89,'2018-08-14 00:00:00','USD',42),
	(1580,839.55,'2018-01-17 00:00:00','USD',43),
	(1581,603.93,'2017-12-29 00:00:00','USD',50),
	(1582,134.02,'2018-01-23 00:00:00','USD',28),
	(1583,509.39,'2018-05-09 00:00:00','USD',5),
	(1584,428.24,'2018-07-17 00:00:00','USD',10),
	(1585,665.8,'2018-01-16 00:00:00','USD',5),
	(1586,100.59,'2018-02-17 00:00:00','USD',10),
	(1587,266.37,'2018-02-15 00:00:00','USD',4),
	(1588,19.63,'2018-04-22 00:00:00','USD',39),
	(1589,522.74,'2017-11-11 00:00:00','USD',39),
	(1591,721.85,'2018-03-03 00:00:00','USD',26),
	(1592,521.75,'2018-03-19 00:00:00','USD',32),
	(1593,422.45,'2017-10-14 00:00:00','USD',26),
	(1594,383.74,'2018-10-08 00:00:00','USD',49),
	(1595,165.89,'2018-06-10 00:00:00','USD',23),
	(1596,19.23,'2018-06-03 00:00:00','USD',1),
	(1597,733.94,'2017-12-19 00:00:00','USD',5),
	(1598,840.06,'2018-04-17 00:00:00','USD',46),
	(1599,17.85,'2017-11-16 00:00:00','USD',50),
	(1600,840.14,'2017-10-20 00:00:00','USD',45),
	(1601,195.51,'2018-05-14 00:00:00','USD',38),
	(1602,253.42,'2018-02-26 00:00:00','USD',45),
	(1604,802.4,'2017-12-30 00:00:00','USD',16),
	(1605,54.62,'2018-04-17 00:00:00','USD',29),
	(1606,86.85,'2017-11-18 00:00:00','USD',49),
	(1607,99.24,'2018-06-25 00:00:00','USD',3),
	(1608,737.37,'2017-11-16 00:00:00','USD',38),
	(1609,927.68,'2018-09-22 00:00:00','USD',29),
	(1610,700.34,'2018-01-10 00:00:00','USD',6),
	(1611,632.55,'2018-07-13 00:00:00','USD',47),
	(1612,76.57,'2017-12-29 00:00:00','USD',27),
	(1613,769.39,'2018-05-17 00:00:00','USD',3),
	(1614,191.9,'2018-05-23 00:00:00','USD',35),
	(1615,547.01,'2017-12-01 00:00:00','USD',22),
	(1616,278.25,'2018-09-07 00:00:00','USD',11),
	(1617,177.74,'2018-07-14 00:00:00','USD',2),
	(1618,899.09,'2018-09-16 00:00:00','USD',50),
	(1619,581.6,'2018-03-13 00:00:00','USD',34),
	(1620,987.65,'2018-09-21 00:00:00','USD',34),
	(1621,443.26,'2017-12-13 00:00:00','USD',3),
	(1622,203.08,'2018-06-15 00:00:00','USD',13),
	(1623,959.44,'2018-03-01 00:00:00','USD',30),
	(1624,567.89,'2018-03-07 00:00:00','USD',12),
	(1625,726.11,'2018-05-25 00:00:00','USD',8),
	(1626,742.86,'2018-10-04 00:00:00','USD',29),
	(1627,311.47,'2018-04-28 00:00:00','USD',35),
	(1628,754.38,'2018-04-22 00:00:00','USD',5),
	(1629,810.39,'2018-09-09 00:00:00','USD',45),
	(1630,272.18,'2017-12-08 00:00:00','USD',9),
	(1631,674.84,'2018-07-28 00:00:00','USD',18),
	(1632,73.11,'2018-09-28 00:00:00','USD',38),
	(1633,525.65,'2018-10-04 00:00:00','USD',25),
	(1634,752.05,'2018-05-25 00:00:00','USD',42),
	(1635,582.63,'2018-09-07 00:00:00','USD',17),
	(1636,102.43,'2018-09-26 00:00:00','USD',34),
	(1637,491.55,'2017-12-05 00:00:00','USD',34),
	(1638,565.75,'2018-03-08 00:00:00','USD',44),
	(1640,239.35,'2017-12-02 00:00:00','USD',2),
	(1641,918.3,'2018-04-18 00:00:00','USD',23),
	(1642,673.3,'2018-01-23 00:00:00','USD',5),
	(1643,973.42,'2018-05-11 00:00:00','USD',31),
	(1644,154.56,'2018-07-18 00:00:00','USD',42),
	(1645,26.74,'2017-10-25 00:00:00','USD',30),
	(1646,401.13,'2018-09-24 00:00:00','USD',30),
	(1648,592.35,'2018-07-07 00:00:00','USD',49),
	(1649,867.5,'2017-10-15 00:00:00','USD',2),
	(1650,86.7,'2017-11-13 00:00:00','USD',50),
	(1651,393.74,'2018-06-08 00:00:00','USD',21),
	(1652,130.53,'2017-10-24 00:00:00','USD',26),
	(1653,437.62,'2017-11-13 00:00:00','USD',20),
	(1654,237.32,'2018-09-20 00:00:00','USD',24),
	(1655,748.88,'2018-08-27 00:00:00','USD',12),
	(1656,219.27,'2018-08-08 00:00:00','USD',6),
	(1657,116.67,'2018-07-04 00:00:00','USD',40),
	(1658,129.05,'2018-07-24 00:00:00','USD',38),
	(1659,201.38,'2018-03-22 00:00:00','USD',5),
	(1660,320.81,'2018-09-21 00:00:00','USD',2),
	(1661,495.94,'2017-12-10 00:00:00','USD',15),
	(1662,993.29,'2018-10-03 00:00:00','USD',12),
	(1663,150.82,'2018-09-24 00:00:00','USD',37),
	(1664,563.45,'2018-07-10 00:00:00','USD',4),
	(1665,459.97,'2018-06-29 00:00:00','USD',47),
	(1666,28.05,'2018-05-07 00:00:00','USD',7),
	(1667,222.02,'2018-08-07 00:00:00','USD',47),
	(1668,738.63,'2018-09-15 00:00:00','USD',40),
	(1669,282.52,'2018-03-30 00:00:00','USD',33),
	(1670,976.37,'2018-02-23 00:00:00','USD',6),
	(1671,452.7,'2018-04-02 00:00:00','USD',43),
	(1672,326.3,'2017-12-28 00:00:00','USD',22),
	(1673,811,'2017-12-27 00:00:00','USD',7),
	(1674,953.93,'2017-10-26 00:00:00','USD',14),
	(1675,966.68,'2017-12-19 00:00:00','USD',12),
	(1676,560.21,'2018-02-03 00:00:00','USD',24),
	(1677,139.79,'2017-12-29 00:00:00','USD',9),
	(1678,256.42,'2018-09-25 00:00:00','USD',1),
	(1679,630.69,'2018-08-19 00:00:00','USD',16),
	(1680,568.34,'2017-10-25 00:00:00','USD',20),
	(1681,593.3,'2018-01-07 00:00:00','USD',33),
	(1682,304.25,'2018-10-04 00:00:00','USD',45),
	(1683,930.1,'2017-10-26 00:00:00','USD',8),
	(1684,179.81,'2017-12-25 00:00:00','USD',25),
	(1685,538.89,'2017-11-17 00:00:00','USD',45),
	(1686,360.99,'2018-07-31 00:00:00','USD',22),
	(1687,624.4,'2017-12-30 00:00:00','USD',31),
	(1688,558.45,'2018-05-26 00:00:00','USD',47),
	(1689,272.58,'2018-02-05 00:00:00','USD',33),
	(1690,567.95,'2018-09-03 00:00:00','USD',24),
	(1691,969.23,'2018-06-26 00:00:00','USD',19),
	(1692,980.66,'2017-12-07 00:00:00','USD',12),
	(1693,462.35,'2018-02-15 00:00:00','USD',46),
	(1694,23.95,'2018-10-10 00:00:00','USD',32),
	(1695,507.35,'2018-01-10 00:00:00','USD',35),
	(1696,594.34,'2018-04-25 00:00:00','USD',19),
	(1697,852,'2018-02-02 00:00:00','USD',42),
	(1698,995.64,'2018-07-13 00:00:00','USD',41),
	(1699,293.81,'2018-08-10 00:00:00','USD',4),
	(1700,15.86,'2017-12-30 00:00:00','USD',3),
	(1701,539.26,'2018-03-05 00:00:00','USD',2),
	(1702,732.69,'2018-02-10 00:00:00','USD',8),
	(1703,949.1,'2018-03-10 00:00:00','USD',10),
	(1704,242.74,'2017-11-02 00:00:00','USD',30),
	(1705,299.87,'2018-02-28 00:00:00','USD',28),
	(1706,280.32,'2018-08-20 00:00:00','USD',43),
	(1707,941.03,'2018-02-22 00:00:00','USD',13),
	(1708,387.58,'2018-07-14 00:00:00','USD',37),
	(1709,912.25,'2018-09-12 00:00:00','USD',44),
	(1710,433,'2017-12-10 00:00:00','USD',1),
	(1711,113.99,'2017-11-27 00:00:00','USD',26),
	(1713,343.88,'2018-02-15 00:00:00','USD',24),
	(1714,730.52,'2018-02-09 00:00:00','USD',22),
	(1715,91.88,'2018-05-21 00:00:00','USD',43),
	(1716,527.02,'2018-02-03 00:00:00','USD',26),
	(1717,198.26,'2018-08-09 00:00:00','USD',44),
	(1718,51.76,'2017-12-09 00:00:00','USD',39),
	(1719,402.74,'2017-11-18 00:00:00','USD',20),
	(1720,469.59,'2018-05-02 00:00:00','USD',7),
	(1721,947.26,'2018-04-25 00:00:00','USD',46),
	(1722,403.84,'2017-10-15 00:00:00','USD',12),
	(1723,342.24,'2018-06-06 00:00:00','USD',14),
	(1724,250.37,'2017-10-24 00:00:00','USD',20),
	(1725,825.85,'2018-04-06 00:00:00','USD',34),
	(1726,549.01,'2017-11-30 00:00:00','USD',41),
	(1727,72.87,'2018-05-22 00:00:00','USD',7),
	(1728,524.66,'2018-09-06 00:00:00','USD',31),
	(1730,538.17,'2018-02-06 00:00:00','USD',44),
	(1731,748.65,'2018-06-10 00:00:00','USD',42),
	(1732,382.51,'2017-11-28 00:00:00','USD',22),
	(1733,571.6,'2018-01-02 00:00:00','USD',11),
	(1734,610.26,'2018-03-01 00:00:00','USD',39),
	(1735,835.35,'2018-05-17 00:00:00','USD',9),
	(1736,19.04,'2018-07-18 00:00:00','USD',14),
	(1737,188.09,'2018-03-16 00:00:00','USD',12),
	(1738,732.49,'2018-06-16 00:00:00','USD',31),
	(1739,304.64,'2017-10-22 00:00:00','USD',18),
	(1740,972.97,'2018-10-05 00:00:00','USD',32),
	(1741,394.8,'2018-05-05 00:00:00','USD',29),
	(1744,22.76,'2017-11-14 00:00:00','USD',2),
	(1745,246.42,'2018-03-22 00:00:00','USD',34),
	(1746,664.28,'2018-01-15 00:00:00','USD',13),
	(1747,653.67,'2017-11-04 00:00:00','USD',34),
	(1748,355.97,'2018-01-15 00:00:00','USD',22),
	(1749,561.35,'2018-09-28 00:00:00','USD',1),
	(1750,829.94,'2018-07-23 00:00:00','USD',41),
	(1751,384.09,'2018-05-26 00:00:00','USD',13),
	(1752,777.39,'2018-06-15 00:00:00','USD',8),
	(1753,863.14,'2017-10-28 00:00:00','USD',45),
	(1754,527.35,'2018-08-28 00:00:00','USD',29),
	(1755,613.81,'2018-09-27 00:00:00','USD',36),
	(1757,516.17,'2017-12-05 00:00:00','USD',3),
	(1758,747.91,'2018-07-23 00:00:00','USD',42),
	(1759,607.65,'2018-09-10 00:00:00','USD',18),
	(1760,944.75,'2017-11-05 00:00:00','USD',19),
	(1761,217.69,'2018-04-30 00:00:00','USD',9),
	(1762,315.56,'2018-05-09 00:00:00','USD',33),
	(1763,902.91,'2018-01-24 00:00:00','USD',6),
	(1764,219.24,'2018-01-20 00:00:00','USD',27),
	(1765,935.29,'2018-03-23 00:00:00','USD',3),
	(1766,639.97,'2018-09-12 00:00:00','USD',46),
	(1767,163.92,'2018-04-18 00:00:00','USD',37),
	(1768,412.07,'2018-06-21 00:00:00','USD',21),
	(1769,591.27,'2018-03-06 00:00:00','USD',5),
	(1770,972.99,'2018-02-04 00:00:00','USD',35),
	(1771,828.28,'2018-06-06 00:00:00','USD',44),
	(1772,858.52,'2018-03-01 00:00:00','USD',7),
	(1773,552.04,'2018-08-10 00:00:00','USD',9),
	(1774,96.21,'2018-08-01 00:00:00','USD',3),
	(1775,781.16,'2018-10-09 00:00:00','USD',21),
	(1776,624.41,'2018-02-18 00:00:00','USD',21),
	(1777,486.85,'2018-05-25 00:00:00','USD',5),
	(1778,305.75,'2018-05-08 00:00:00','USD',23),
	(1779,581.27,'2018-07-23 00:00:00','USD',44),
	(1780,712.08,'2017-11-16 00:00:00','USD',22),
	(1781,159.53,'2018-05-19 00:00:00','USD',8),
	(1782,795.64,'2018-09-14 00:00:00','USD',38),
	(1783,79.2,'2018-05-03 00:00:00','USD',29),
	(1784,883.67,'2018-06-15 00:00:00','USD',24),
	(1785,113.01,'2018-05-10 00:00:00','USD',18),
	(1786,353.34,'2018-04-06 00:00:00','USD',47),
	(1787,575.34,'2018-01-05 00:00:00','USD',32),
	(1788,144.42,'2017-11-25 00:00:00','USD',35),
	(1789,314.08,'2018-09-27 00:00:00','USD',16),
	(1790,990.13,'2017-12-11 00:00:00','USD',3),
	(1791,751.85,'2017-12-28 00:00:00','USD',13),
	(1792,962.22,'2017-10-16 00:00:00','USD',2),
	(1793,411.37,'2018-01-21 00:00:00','USD',32),
	(1794,235.86,'2018-01-01 00:00:00','USD',20),
	(1795,13,'2018-09-12 00:00:00','USD',6),
	(1796,768.92,'2018-09-20 00:00:00','USD',35),
	(1797,405.42,'2017-11-21 00:00:00','USD',27),
	(1798,6.19,'2017-10-22 00:00:00','USD',20),
	(1799,549.23,'2017-10-17 00:00:00','USD',13),
	(1800,575.21,'2017-10-27 00:00:00','USD',9),
	(1801,511.29,'2018-09-23 00:00:00','USD',32),
	(1802,494.17,'2018-02-19 00:00:00','USD',12),
	(1803,368.15,'2017-10-27 00:00:00','USD',23),
	(1804,917.58,'2018-03-13 00:00:00','USD',1),
	(1805,903.3,'2018-07-29 00:00:00','USD',41),
	(1806,392.98,'2018-06-02 00:00:00','USD',6),
	(1807,679.21,'2018-05-22 00:00:00','USD',38),
	(1808,766.1,'2018-08-04 00:00:00','USD',5),
	(1809,637.27,'2018-04-03 00:00:00','USD',36),
	(1810,805.78,'2018-03-26 00:00:00','USD',46),
	(1811,464.53,'2018-01-30 00:00:00','USD',1),
	(1813,113.36,'2017-11-12 00:00:00','USD',11),
	(1814,151.19,'2018-07-17 00:00:00','USD',17),
	(1815,789.31,'2018-05-05 00:00:00','USD',16),
	(1816,409.95,'2018-06-29 00:00:00','USD',19),
	(1817,360.21,'2018-06-06 00:00:00','USD',35),
	(1818,475.64,'2017-12-25 00:00:00','USD',19),
	(1819,972.77,'2018-09-29 00:00:00','USD',20),
	(1820,348.86,'2017-11-05 00:00:00','USD',14),
	(1821,665.41,'2018-02-27 00:00:00','USD',38),
	(1822,887.14,'2018-01-12 00:00:00','USD',49),
	(1823,399.89,'2017-12-03 00:00:00','USD',22),
	(1824,629.41,'2018-04-24 00:00:00','USD',9),
	(1825,509.07,'2018-06-19 00:00:00','USD',40),
	(1826,814.49,'2018-01-23 00:00:00','USD',2),
	(1827,26.13,'2018-06-27 00:00:00','USD',28),
	(1828,158.82,'2017-10-12 00:00:00','USD',23),
	(1829,230.29,'2018-03-11 00:00:00','USD',18),
	(1830,427.61,'2017-12-01 00:00:00','USD',35),
	(1831,672.2,'2018-08-22 00:00:00','USD',50),
	(1832,195.59,'2018-03-16 00:00:00','USD',6),
	(1833,899.62,'2018-08-05 00:00:00','USD',10),
	(1834,531.71,'2018-03-25 00:00:00','USD',9),
	(1835,879.13,'2018-05-16 00:00:00','USD',38),
	(1836,432.41,'2017-10-28 00:00:00','USD',14),
	(1837,485.45,'2018-09-03 00:00:00','USD',34),
	(1838,897.72,'2018-03-24 00:00:00','USD',43),
	(1839,537.64,'2018-08-09 00:00:00','USD',50),
	(1840,89.71,'2018-01-31 00:00:00','USD',40),
	(1841,199.53,'2017-12-20 00:00:00','USD',35),
	(1842,993.3,'2018-05-30 00:00:00','USD',3),
	(1843,158.78,'2018-01-21 00:00:00','USD',21),
	(1844,45.05,'2018-04-03 00:00:00','USD',29),
	(1845,181.39,'2018-01-12 00:00:00','USD',8),
	(1846,149.79,'2018-03-06 00:00:00','USD',44),
	(1847,798.78,'2018-05-31 00:00:00','USD',29),
	(1848,719.96,'2018-05-20 00:00:00','USD',32),
	(1849,767.81,'2018-04-09 00:00:00','USD',47),
	(1850,952.2,'2017-10-14 00:00:00','USD',33),
	(1851,471.09,'2018-01-23 00:00:00','USD',39),
	(1852,837.47,'2018-04-22 00:00:00','USD',46),
	(1853,271.57,'2018-08-25 00:00:00','USD',17),
	(1854,862.5,'2018-01-27 00:00:00','USD',33),
	(1855,647.67,'2018-01-21 00:00:00','USD',40),
	(1856,171.8,'2018-07-27 00:00:00','USD',28),
	(1857,374.73,'2018-06-20 00:00:00','USD',29),
	(1858,522.96,'2017-12-17 00:00:00','USD',34),
	(1859,850.69,'2018-10-07 00:00:00','USD',27),
	(1860,755.87,'2018-05-30 00:00:00','USD',35),
	(1861,78.63,'2017-10-25 00:00:00','USD',43),
	(1862,423.77,'2017-10-21 00:00:00','USD',36),
	(1863,262.93,'2017-12-20 00:00:00','USD',30),
	(1864,360.92,'2017-10-15 00:00:00','USD',41),
	(1865,507.99,'2018-06-10 00:00:00','USD',44),
	(1866,961.98,'2018-07-04 00:00:00','USD',14),
	(1867,140,'2018-03-28 00:00:00','USD',31),
	(1868,111.81,'2018-06-16 00:00:00','USD',36),
	(1869,285.48,'2018-03-03 00:00:00','USD',46),
	(1870,239.99,'2018-04-25 00:00:00','USD',37),
	(1871,434.55,'2018-09-17 00:00:00','USD',26),
	(1872,460.72,'2018-03-01 00:00:00','USD',47),
	(1873,373.4,'2018-07-16 00:00:00','USD',43),
	(1874,449.65,'2018-07-24 00:00:00','USD',7),
	(1875,128.24,'2018-01-23 00:00:00','USD',20),
	(1876,663.9,'2017-12-22 00:00:00','USD',43),
	(1877,962.08,'2018-01-20 00:00:00','USD',45),
	(1878,359.49,'2017-12-15 00:00:00','USD',43),
	(1879,760.98,'2018-03-21 00:00:00','USD',13),
	(1880,361.62,'2018-05-16 00:00:00','USD',14),
	(1881,151.17,'2018-06-15 00:00:00','USD',46),
	(1882,814.25,'2018-02-18 00:00:00','USD',43),
	(1883,498.93,'2018-04-29 00:00:00','USD',31),
	(1884,680.54,'2017-10-14 00:00:00','USD',26),
	(1885,322.19,'2018-07-13 00:00:00','USD',41),
	(1886,249.21,'2018-03-12 00:00:00','USD',19),
	(1887,934.46,'2017-11-23 00:00:00','USD',12),
	(1888,801.05,'2018-07-23 00:00:00','USD',37),
	(1889,746.14,'2017-10-19 00:00:00','USD',4),
	(1890,386.03,'2018-03-23 00:00:00','USD',14),
	(1891,735.66,'2018-05-23 00:00:00','USD',41),
	(1892,706.47,'2018-07-29 00:00:00','USD',47),
	(1893,216.27,'2017-11-18 00:00:00','USD',26),
	(1894,864.91,'2017-10-25 00:00:00','USD',20),
	(1895,747.48,'2018-07-09 00:00:00','USD',42),
	(1896,248.42,'2017-12-22 00:00:00','USD',35),
	(1897,542.88,'2018-04-27 00:00:00','USD',5),
	(1898,793.8,'2018-04-25 00:00:00','USD',34),
	(1899,971,'2017-11-20 00:00:00','USD',43),
	(1900,37.82,'2018-08-08 00:00:00','USD',50),
	(1901,540.92,'2018-02-10 00:00:00','USD',46),
	(1902,777.96,'2018-06-10 00:00:00','USD',38),
	(1903,340.67,'2017-11-25 00:00:00','USD',18),
	(1904,546.54,'2018-06-21 00:00:00','USD',32),
	(1905,710.56,'2017-11-08 00:00:00','USD',29),
	(1906,121.44,'2018-04-15 00:00:00','USD',38),
	(1907,315.34,'2018-03-19 00:00:00','USD',1),
	(1908,171.54,'2018-07-01 00:00:00','USD',45),
	(1909,798.52,'2018-04-02 00:00:00','USD',44),
	(1910,432.76,'2018-03-28 00:00:00','USD',28),
	(1911,62.65,'2017-11-18 00:00:00','USD',18),
	(1912,204.98,'2018-02-09 00:00:00','USD',44),
	(1913,659.43,'2018-03-17 00:00:00','USD',46),
	(1914,682.52,'2018-02-22 00:00:00','USD',13),
	(1915,29.17,'2018-07-27 00:00:00','USD',25),
	(1916,95.12,'2018-09-05 00:00:00','USD',32),
	(1917,461.06,'2017-11-26 00:00:00','USD',7),
	(1918,412.32,'2018-05-22 00:00:00','USD',33),
	(1919,682.37,'2018-04-23 00:00:00','USD',46),
	(1920,519.9,'2017-11-04 00:00:00','USD',44),
	(1921,462.07,'2018-01-13 00:00:00','USD',44),
	(1922,651.31,'2017-11-25 00:00:00','USD',45),
	(1923,476.57,'2018-09-11 00:00:00','USD',32),
	(1924,605.27,'2018-10-06 00:00:00','USD',40),
	(1925,966.97,'2018-09-17 00:00:00','USD',16),
	(1926,476.7,'2017-10-29 00:00:00','USD',18),
	(1927,353.6,'2018-04-29 00:00:00','USD',8),
	(1928,93.9,'2018-10-09 00:00:00','USD',43),
	(1929,271.68,'2018-04-24 00:00:00','USD',29),
	(1930,705.01,'2018-06-23 00:00:00','USD',23),
	(1931,841.91,'2018-05-20 00:00:00','USD',1),
	(1932,983.86,'2018-08-03 00:00:00','USD',43),
	(1933,400.53,'2017-10-17 00:00:00','USD',20),
	(1934,557.04,'2017-12-06 00:00:00','USD',46),
	(1935,128.63,'2018-02-23 00:00:00','USD',5),
	(1936,689.7,'2017-12-16 00:00:00','USD',19),
	(1937,9.64,'2018-05-12 00:00:00','USD',10),
	(1938,535.32,'2018-06-26 00:00:00','USD',19),
	(1939,218.47,'2018-07-12 00:00:00','USD',29),
	(1940,609.47,'2017-12-30 00:00:00','USD',35),
	(1941,26.22,'2018-09-25 00:00:00','USD',50),
	(1942,950.62,'2017-12-17 00:00:00','USD',41),
	(1943,392.04,'2018-08-25 00:00:00','USD',29),
	(1944,171.88,'2018-06-13 00:00:00','USD',11),
	(1945,370.36,'2018-09-16 00:00:00','USD',24),
	(1946,47.79,'2018-06-19 00:00:00','USD',3),
	(1947,415.07,'2018-07-13 00:00:00','USD',12),
	(1948,704.19,'2018-07-06 00:00:00','USD',36),
	(1949,348.9,'2017-11-20 00:00:00','USD',7),
	(1950,208.36,'2018-06-08 00:00:00','USD',24),
	(1951,155.66,'2017-11-13 00:00:00','USD',44),
	(1952,748.57,'2018-03-26 00:00:00','USD',40),
	(1953,375.27,'2017-11-11 00:00:00','USD',40),
	(1954,797.3,'2018-08-18 00:00:00','USD',38),
	(1955,849.12,'2018-03-11 00:00:00','USD',7),
	(1956,85.22,'2018-01-25 00:00:00','USD',35),
	(1957,275.85,'2018-09-17 00:00:00','USD',12),
	(1958,648.85,'2018-08-09 00:00:00','USD',21),
	(1959,817.61,'2017-12-11 00:00:00','USD',12),
	(1960,365.39,'2018-04-20 00:00:00','USD',6),
	(1961,645.84,'2018-04-21 00:00:00','USD',7),
	(1962,694.19,'2018-05-30 00:00:00','USD',35),
	(1963,653.59,'2018-01-03 00:00:00','USD',14),
	(1964,132.07,'2018-04-20 00:00:00','USD',3),
	(1965,113.8,'2017-12-20 00:00:00','USD',13),
	(1966,423.84,'2018-08-29 00:00:00','USD',43),
	(1967,774.64,'2018-08-03 00:00:00','USD',21),
	(1969,906.39,'2018-06-20 00:00:00','USD',46),
	(1970,277.57,'2017-11-02 00:00:00','USD',20),
	(1971,890.46,'2018-07-25 00:00:00','USD',31),
	(1972,379.43,'2018-04-20 00:00:00','USD',30),
	(1973,608.32,'2018-01-29 00:00:00','USD',40),
	(1974,168.71,'2017-11-15 00:00:00','USD',36),
	(1975,726.51,'2018-08-21 00:00:00','USD',23),
	(1976,314.91,'2017-11-26 00:00:00','USD',38),
	(1977,371.5,'2018-03-22 00:00:00','USD',27),
	(1978,746.91,'2017-12-28 00:00:00','USD',2),
	(1979,919.04,'2018-06-25 00:00:00','USD',32),
	(1980,681.92,'2018-03-30 00:00:00','USD',37),
	(1981,996.88,'2018-07-30 00:00:00','USD',36),
	(1982,742.15,'2018-04-15 00:00:00','USD',50),
	(1983,715.82,'2018-10-04 00:00:00','USD',22),
	(1984,80.73,'2018-07-01 00:00:00','USD',28),
	(1986,82.36,'2018-03-01 00:00:00','USD',23),
	(1987,442.82,'2018-05-01 00:00:00','USD',13),
	(1988,586.94,'2018-04-28 00:00:00','USD',43),
	(1989,801.26,'2018-07-03 00:00:00','USD',15),
	(1990,839.88,'2017-11-26 00:00:00','USD',30),
	(1991,286.36,'2018-09-18 00:00:00','USD',43),
	(1992,530.82,'2018-07-29 00:00:00','USD',6),
	(1993,989.78,'2018-03-29 00:00:00','USD',43),
	(1994,708.12,'2017-10-31 00:00:00','USD',27),
	(1995,275.68,'2018-02-28 00:00:00','USD',2),
	(1996,744.42,'2018-06-15 00:00:00','USD',39),
	(1997,378.59,'2017-11-29 00:00:00','USD',24),
	(1998,617.1,'2018-06-11 00:00:00','USD',16),
	(1999,216.64,'2018-05-07 00:00:00','USD',2),
	(2000,610.71,'2017-11-06 00:00:00','USD',37);

/*!40000 ALTER TABLE `paysheets` ENABLE KEYS */;
UNLOCK TABLES;


# Dump of table people
# ------------------------------------------------------------

DROP TABLE IF EXISTS `people`;

CREATE TABLE `people` (
  `id` int(11) NOT NULL AUTO_INCREMENT,
  `name` varchar(50) NOT NULL,
  `lastname` varchar(50) NOT NULL,
  `birthday` date NOT NULL,
  `createdAt` timestamp NOT NULL DEFAULT CURRENT_TIMESTAMP,
  `Department_id` int(11) NOT NULL,
  PRIMARY KEY (`id`),
  UNIQUE KEY `nombre_UNIQUE` (`name`),
  KEY `fk_people_Department1_idx` (`Department_id`),
  CONSTRAINT `fk_people_Department1` FOREIGN KEY (`Department_id`) REFERENCES `department` (`id`) ON DELETE NO ACTION ON UPDATE NO ACTION
) ENGINE=InnoDB DEFAULT CHARSET=utf8;

LOCK TABLES `people` WRITE;
/*!40000 ALTER TABLE `people` DISABLE KEYS */;

INSERT INTO `people` (`id`, `name`, `lastname`, `birthday`, `createdAt`, `Department_id`)
VALUES
	(1,'Chaz','Bartell','2018-10-11','2018-10-11 23:43:30',6),
	(2,'Simone','Wolff','2018-10-11','2018-10-11 23:43:30',11),
	(3,'Dawson','Hoppe','2018-10-11','2018-10-11 23:43:30',7),
	(4,'Cruz','Douglas','2018-10-11','2018-10-11 23:43:30',2),
	(5,'Marcellus','Schroeder','2018-10-11','2018-10-11 23:43:30',11),
	(6,'Damian','Rippin','2018-10-11','2018-10-11 23:43:30',15),
	(7,'Kelley','Jacobs','2018-10-11','2018-10-11 23:43:30',14),
	(8,'Cierra','Wisoky','2018-10-11','2018-10-11 23:43:30',8),
	(9,'Ophelia','VonRueden','2018-10-11','2018-10-11 23:43:30',7),
	(10,'Janet','Terry','2018-10-11','2018-10-11 23:43:30',14),
	(11,'Dejah','Rogahn','2018-10-11','2018-10-11 23:43:30',7),
	(12,'Milan','Schowalter','2018-10-11','2018-10-11 23:43:30',16),
	(13,'Kiera','O\'Reilly','2018-10-11','2018-10-11 23:43:30',4),
	(14,'Kelvin','Kertzmann','2018-10-11','2018-10-11 23:43:30',5),
	(15,'Murray','Funk','2018-10-11','2018-10-11 23:43:30',19),
	(16,'Eldred','Mann','2018-10-11','2018-10-11 23:43:30',10),
	(17,'Wilhelm','Bartoletti','2018-10-11','2018-10-11 23:43:30',7),
	(18,'Carley','Bashirian','2018-10-11','2018-10-11 23:43:30',18),
	(19,'Kobe','Ritchie','2018-10-11','2018-10-11 23:43:30',5),
	(20,'Jedediah','Oberbrunner','2018-10-11','2018-10-11 23:43:30',6),
	(21,'Clotilde','Ebert','2018-10-11','2018-10-11 23:43:30',9),
	(22,'Elza','Prosacco','2018-10-11','2018-10-11 23:43:30',2),
	(23,'Stewart','Zemlak','2018-10-11','2018-10-11 23:43:30',5),
	(24,'Ebba','Kozey','2018-10-11','2018-10-11 23:43:30',15),
	(25,'Zane','Kuhic','2018-10-11','2018-10-11 23:43:30',2),
	(26,'Adolph','Abernathy','2018-10-11','2018-10-11 23:43:30',19),
	(27,'Beatrice','Schultz','2018-10-11','2018-10-11 23:43:30',17),
	(28,'Clay','Metz','2018-10-11','2018-10-11 23:43:30',16),
	(29,'Audie','Cole','2018-10-11','2018-10-11 23:43:30',2),
	(30,'Ernie','Braun','2018-10-11','2018-10-11 23:43:30',4),
	(31,'Harry','Bruen','2018-10-11','2018-10-11 23:43:30',7),
	(32,'Annamae','Rath','2018-10-11','2018-10-11 23:43:30',5),
	(33,'Dedrick','Schimmel','2018-10-11','2018-10-11 23:43:30',11),
	(34,'Rollin','Heidenreich','2018-10-11','2018-10-11 23:43:30',7),
	(35,'Esmeralda','Hettinger','2018-10-11','2018-10-11 23:43:31',1),
	(36,'Izaiah','Corkery','2018-10-11','2018-10-11 23:43:31',1),
	(37,'Royal','Jast','2018-10-11','2018-10-11 23:43:31',16),
	(38,'Niko','Kilback','2018-10-11','2018-10-11 23:43:31',3),
	(39,'Arnaldo','Terry','2018-10-11','2018-10-11 23:43:31',1),
	(40,'Palma','Torp','2018-10-11','2018-10-11 23:43:31',18),
	(41,'Faustino','Auer','2018-10-11','2018-10-11 23:43:31',7),
	(42,'Kaela','Fay','2018-10-11','2018-10-11 23:43:31',20),
	(43,'Mittie','Pacocha','2018-10-11','2018-10-11 23:43:31',3),
	(44,'Kenneth','Okuneva','2018-10-11','2018-10-11 23:43:31',11),
	(45,'Randall','Ernser','2018-10-11','2018-10-11 23:43:31',20),
	(46,'Lea','Kuhic','2018-10-11','2018-10-11 23:43:31',19),
	(47,'Lexus','Abernathy','2018-10-11','2018-10-11 23:43:31',6),
	(49,'Kaylin','Doyle','2018-10-11','2018-10-11 23:43:31',19),
	(50,'Laron','Parisian','2018-10-11','2018-10-11 23:43:31',12);

/*!40000 ALTER TABLE `people` ENABLE KEYS */;
UNLOCK TABLES;



/*!40111 SET SQL_NOTES=@OLD_SQL_NOTES */;
/*!40101 SET SQL_MODE=@OLD_SQL_MODE */;
/*!40014 SET FOREIGN_KEY_CHECKS=@OLD_FOREIGN_KEY_CHECKS */;
/*!40101 SET CHARACTER_SET_CLIENT=@OLD_CHARACTER_SET_CLIENT */;
/*!40101 SET CHARACTER_SET_RESULTS=@OLD_CHARACTER_SET_RESULTS */;
/*!40101 SET COLLATION_CONNECTION=@OLD_COLLATION_CONNECTION */;
